frame_id,wall_clock_utc,network_one_way_ms,round_trip_ms,frame_size_left_bytes,frame_size_right_bytes,total_payload_bytes,throughput_mbps,det_ms,num_detections,det0_class,det0_confidence,det0_x1,det0_y1,det0_x2,det0_y2,det0_cx,det0_cy,det0_X_m,det0_Y_m,det0_Z_m,gpu_util_pct,gpu_mem_used_mb,gpu_temp_c,cpu_util_pct,ram_used_mb,result_timeout,jpeg_quality
0,2026-06-04T11:38:10.431569,92.396,92.396,12879,12879,25758,2.0606,89.2,0,,,,,,,,,,,,5.0,1358.0,43.0,4.1,18660.0,0,75
1,2026-06-04T11:38:10.528465,78.98,78.98,12688,12688,25376,2.0301,75.8,0,,,,,,,,,,,,5.0,1358.0,43.0,51.8,18735.0,0,75
2,2026-06-04T11:38:10.636315,76.275,76.275,12774,12774,25548,2.0438,72.9,0,,,,,,,,,,,,5.0,1358.0,43.0,54.3,18742.0,0,75
3,2026-06-04T11:38:10.746141,74.529,74.529,12910,12910,25820,2.0656,71.1,0,,,,,,,,,,,,5.0,1358.0,43.0,51.0,18745.0,0,75
4,2026-06-04T11:38:10.846161,74.127,74.127,12820,12820,25640,2.0512,69.1,0,,,,,,,,,,,,5.0,1358.0,43.0,50.4,18750.0,0,75
5,2026-06-04T11:38:10.953454,77.911,77.911,12772,12772,25544,2.0435,72.2,0,,,,,,,,,,,,5.0,1358.0,43.0,48.6,18755.0,0,75
6,2026-06-04T11:38:11.057948,77.231,77.231,12889,12889,25778,2.0622,76.4,0,,,,,,,,,,,,5.0,1358.0,43.0,50.0,18753.0,0,75
7,2026-06-04T11:38:11.166104,65.445,65.445,12793,12793,25586,2.0469,63.2,0,,,,,,,,,,,,5.0,1353.0,43.0,61.8,18754.0,0,75
8,2026-06-04T11:38:11.278206,63.668,63.668,12763,12763,25526,2.0421,59.7,0,,,,,,,,,,,,5.0,1353.0,43.0,49.0,18753.0,0,75
9,2026-06-04T11:38:11.390498,59.861,59.861,12881,12881,25762,2.061,56.3,0,,,,,,,,,,,,5.0,1353.0,43.0,50.7,18751.0,0,75
10,2026-06-04T11:38:11.501690,57.324,57.324,13028,13028,26056,2.0845,57.3,0,,,,,,,,,,,,5.0,1353.0,43.0,50.0,18749.0,0,75
11,2026-06-04T11:38:11.606447,61.098,61.098,12673,12673,25346,2.0277,58.8,0,,,,,,,,,,,,5.0,1353.0,43.0,67.1,18757.0,0,75
12,2026-06-04T11:38:11.717582,58.933,58.933,13021,13021,26042,2.0834,57.9,0,,,,,,,,,,,,5.0,1353.0,43.0,65.9,18751.0,0,75
13,2026-06-04T11:38:11.825687,60.757,60.757,13031,13031,26062,2.085,56.4,0,,,,,,,,,,,,5.0,1353.0,43.0,53.1,18752.0,0,75
14,2026-06-04T11:38:11.939416,60.668,60.668,12765,12765,25530,2.0424,55.5,0,,,,,,,,,,,,5.0,1353.0,43.0,54.3,18761.0,0,75
15,2026-06-04T11:38:12.053063,51.598,51.598,13013,13013,26026,2.0821,56.3,0,,,,,,,,,,,,5.0,1353.0,43.0,52.9,18760.0,0,75
16,2026-06-04T11:38:12.156091,80.756,80.756,13028,13028,26056,2.0845,78.9,0,,,,,,,,,,,,5.0,1353.0,43.0,54.6,18787.0,0,75
17,2026-06-04T11:38:12.262036,61.977,61.977,12758,12758,25516,2.0413,56.1,0,,,,,,,,,,,,4.0,1352.0,43.0,84.4,18780.0,0,75
18,2026-06-04T11:38:12.372527,56.771,56.771,13019,13019,26038,2.083,55.4,0,,,,,,,,,,,,4.0,1352.0,43.0,54.7,18764.0,0,75
19,2026-06-04T11:38:12.474101,54.959,54.959,13008,13008,26016,2.0813,52.5,0,,,,,,,,,,,,4.0,1352.0,43.0,51.6,18762.0,0,75
20,2026-06-04T11:38:12.583568,57.437,57.437,13116,13116,26232,2.0986,53.8,0,,,,,,,,,,,,4.0,1352.0,43.0,48.6,18759.0,0,75
21,2026-06-04T11:38:12.686044,48.429,48.429,13020,13020,26040,2.0832,49.7,0,,,,,,,,,,,,4.0,1352.0,43.0,48.6,18756.0,0,75
22,2026-06-04T11:38:12.790408,52.609,52.609,13218,13218,26436,2.1149,52.7,0,,,,,,,,,,,,4.0,1352.0,43.0,47.5,18754.0,0,75
23,2026-06-04T11:38:12.892082,45.667,45.667,13099,13099,26198,2.0958,44.8,0,,,,,,,,,,,,4.0,1352.0,43.0,51.4,18762.0,0,75
24,2026-06-04T11:38:13.000064,49.287,49.287,13100,13100,26200,2.096,44.8,0,,,,,,,,,,,,4.0,1352.0,43.0,47.1,18761.0,0,75
25,2026-06-04T11:38:13.103707,45.084,45.084,13210,13210,26420,2.1136,46.1,0,,,,,,,,,,,,4.0,1352.0,43.0,47.5,18759.0,0,75
26,2026-06-04T11:38:13.204969,56.175,56.175,13140,13140,26280,2.1024,54.5,0,,,,,,,,,,,,4.0,1352.0,43.0,47.1,18752.0,0,75
27,2026-06-04T11:38:13.310392,58.485,58.485,13105,13105,26210,2.0968,55.2,0,,,,,,,,,,,,4.0,1352.0,43.0,56.3,18751.0,0,75
28,2026-06-04T11:38:13.421723,45.949,45.949,13227,13227,26454,2.1163,52.4,0,,,,,,,,,,,,4.0,1352.0,43.0,46.3,18748.0,0,75
29,2026-06-04T11:38:13.523835,49.341,49.341,13123,13123,26246,2.0997,53.3,0,,,,,,,,,,,,4.0,1352.0,43.0,49.6,18746.0,0,75
30,2026-06-04T11:38:13.623747,55.796,55.796,13213,13213,26426,2.1141,54.6,0,,,,,,,,,,,,4.0,1352.0,43.0,51.1,18745.0,0,75
31,2026-06-04T11:38:13.734134,53.851,53.851,12998,12998,25996,2.0797,50.3,0,,,,,,,,,,,,4.0,1352.0,43.0,50.7,18747.0,0,75
32,2026-06-04T11:38:13.841697,49.675,49.675,13138,13138,26276,2.1021,52.8,0,,,,,,,,,,,,4.0,1352.0,43.0,48.9,18752.0,0,75
33,2026-06-04T11:38:13.936186,53.601,53.601,13210,13210,26420,2.1136,49.6,0,,,,,,,,,,,,4.0,1352.0,43.0,47.9,18758.0,0,75
34,2026-06-04T11:38:14.048735,54.942,54.942,13087,13087,26174,2.0939,53.2,0,,,,,,,,,,,,4.0,1352.0,43.0,48.6,18756.0,0,75
35,2026-06-04T11:38:14.156643,49.503,49.503,13140,13140,26280,2.1024,49.8,0,,,,,,,,,,,,4.0,1352.0,43.0,49.3,18754.0,0,75
36,2026-06-04T11:38:14.255096,57.157,57.157,13228,13228,26456,2.1165,55.0,0,,,,,,,,,,,,4.0,1352.0,43.0,50.0,18752.0,0,75
37,2026-06-04T11:38:14.356146,57.083,57.083,13072,13072,26144,2.0915,55.7,0,,,,,,,,,,,,4.0,1349.0,43.0,59.2,18754.0,0,75
38,2026-06-04T11:38:14.467322,50.727,50.727,13172,13172,26344,2.1075,48.3,0,,,,,,,,,,,,4.0,1349.0,43.0,49.6,18751.0,0,75
39,2026-06-04T11:38:14.570156,52.668,52.668,13224,13224,26448,2.1158,48.1,0,,,,,,,,,,,,4.0,1349.0,43.0,50.0,18748.0,0,75
40,2026-06-04T11:38:14.681969,46.786,46.786,13116,13116,26232,2.0986,44.3,0,,,,,,,,,,,,4.0,1349.0,43.0,50.7,18746.0,0,75
41,2026-06-04T11:38:14.793703,56.559,56.559,12888,12888,25776,2.0621,53.8,0,,,,,,,,,,,,4.0,1349.0,43.0,51.0,18744.0,0,75
42,2026-06-04T11:38:14.904604,51.631,51.631,13158,13158,26316,2.1053,54.4,0,,,,,,,,,,,,4.0,1349.0,43.0,48.6,18754.0,0,75
43,2026-06-04T11:38:15.006025,50.128,50.128,13105,13105,26210,2.0968,50.2,0,,,,,,,,,,,,4.0,1349.0,43.0,47.5,18752.0,0,75
44,2026-06-04T11:38:15.117312,46.72,46.72,12994,12994,25988,2.079,50.2,0,,,,,,,,,,,,4.0,1349.0,43.0,47.9,18747.0,0,75
45,2026-06-04T11:38:15.210273,46.89,46.89,13157,13157,26314,2.1051,52.6,0,,,,,,,,,,,,4.0,1349.0,43.0,48.3,18746.0,0,75
46,2026-06-04T11:38:15.310956,54.852,54.852,13119,13119,26238,2.099,53.5,0,,,,,,,,,,,,4.0,1349.0,43.0,52.1,18744.0,0,75
47,2026-06-04T11:38:15.420043,54.281,54.281,13002,13002,26004,2.0803,52.3,0,,,,,,,,,,,,4.0,1349.0,43.0,52.5,18746.0,0,75
48,2026-06-04T11:38:15.520478,51.842,51.842,13173,13173,26346,2.1077,49.8,0,,,,,,,,,,,,4.0,1349.0,43.0,49.6,18744.0,0,75
49,2026-06-04T11:38:15.621560,57.338,57.338,13108,13108,26216,2.0973,52.2,0,,,,,,,,,,,,4.0,1349.0,43.0,47.1,18742.0,0,75
50,2026-06-04T11:38:15.733965,58.133,58.133,13188,13188,26376,2.1101,53.7,0,,,,,,,,,,,,4.0,1349.0,43.0,47.9,18742.0,0,75
51,2026-06-04T11:38:15.842030,54.761,54.761,13035,13035,26070,2.0856,51.6,0,,,,,,,,,,,,4.0,1349.0,43.0,48.9,18742.0,0,75
52,2026-06-04T11:38:15.954006,50.673,50.673,13180,13180,26360,2.1088,52.3,0,,,,,,,,,,,,4.0,1349.0,43.0,50.0,18754.0,0,75
53,2026-06-04T11:38:16.065237,55.468,55.468,13178,13178,26356,2.1085,52.2,0,,,,,,,,,,,,4.0,1349.0,43.0,47.1,18752.0,0,75
54,2026-06-04T11:38:16.168699,52.198,52.198,13119,13119,26238,2.099,49.4,0,,,,,,,,,,,,4.0,1349.0,43.0,55.7,18750.0,0,75
55,2026-06-04T11:38:16.281502,56.29,56.29,13162,13162,26324,2.1059,53.1,0,,,,,,,,,,,,4.0,1349.0,43.0,47.1,18749.0,0,75
56,2026-06-04T11:38:16.390420,54.169,54.169,13216,13216,26432,2.1146,52.6,0,,,,,,,,,,,,4.0,1349.0,43.0,51.8,18747.0,0,75
57,2026-06-04T11:38:16.500596,55.975,55.975,13132,13132,26264,2.1011,55.0,0,,,,,,,,,,,,4.0,1346.0,43.0,48.6,18748.0,0,75
58,2026-06-04T11:38:16.614121,55.628,55.628,13184,13184,26368,2.1094,53.1,0,,,,,,,,,,,,4.0,1346.0,43.0,50.0,18745.0,0,75
59,2026-06-04T11:38:16.724943,53.435,53.435,13216,13216,26432,2.1146,52.7,0,,,,,,,,,,,,4.0,1346.0,43.0,53.6,18743.0,0,75
60,2026-06-04T11:38:16.823323,45.368,45.368,13236,13236,26472,2.1178,47.7,0,,,,,,,,,,,,4.0,1346.0,43.0,53.0,18738.0,0,75
61,2026-06-04T11:38:16.924797,47.355,47.355,12952,12952,25904,2.0723,45.0,0,,,,,,,,,,,,4.0,1346.0,43.0,49.2,18745.0,0,75
62,2026-06-04T11:38:17.034876,54.66,54.66,13221,13221,26442,2.1154,52.2,0,,,,,,,,,,,,4.0,1346.0,43.0,47.1,18743.0,0,75
63,2026-06-04T11:38:17.139347,52.673,52.673,13225,13225,26450,2.116,51.1,0,,,,,,,,,,,,4.0,1346.0,43.0,48.6,18742.0,0,75
64,2026-06-04T11:38:17.252783,55.724,55.724,13042,13042,26084,2.0867,54.0,0,,,,,,,,,,,,4.0,1346.0,43.0,47.1,18740.0,0,75
65,2026-06-04T11:38:17.357058,47.703,47.703,13223,13223,26446,2.1157,50.8,0,,,,,,,,,,,,4.0,1346.0,43.0,53.6,18736.0,0,75
66,2026-06-04T11:38:17.452568,55.345,55.345,13245,13245,26490,2.1192,53.5,0,,,,,,,,,,,,4.0,1346.0,43.0,47.1,18735.0,0,75
67,2026-06-04T11:38:17.562355,53.422,53.422,13033,13033,26066,2.0853,50.8,0,,,,,,,,,,,,4.0,1346.0,43.0,50.7,18736.0,0,75
68,2026-06-04T11:38:17.672240,50.562,50.562,13270,13270,26540,2.1232,53.0,0,,,,,,,,,,,,4.0,1346.0,43.0,48.6,18735.0,0,75
69,2026-06-04T11:38:17.768340,55.431,55.431,13251,13251,26502,2.1202,53.9,0,,,,,,,,,,,,4.0,1346.0,43.0,48.3,18733.0,0,75
70,2026-06-04T11:38:17.875870,47.668,47.668,13037,13037,26074,2.0859,51.5,0,,,,,,,,,,,,4.0,1346.0,43.0,49.6,18744.0,0,75
71,2026-06-04T11:38:17.972232,53.327,53.327,12940,12940,25880,2.0704,52.2,0,,,,,,,,,,,,4.0,1346.0,43.0,47.5,18743.0,0,75
72,2026-06-04T11:38:18.083538,40.515,40.515,13146,13146,26292,2.1034,40.8,0,,,,,,,,,,,,4.0,1346.0,43.0,47.5,18741.0,0,75
73,2026-06-04T11:38:18.192862,51.083,51.083,13023,13023,26046,2.0837,50.5,0,,,,,,,,,,,,4.0,1346.0,43.0,47.1,18742.0,0,75
74,2026-06-04T11:38:18.291405,53.14,53.14,13035,13035,26070,2.0856,52.4,0,,,,,,,,,,,,4.0,1346.0,43.0,51.7,18741.0,0,75
75,2026-06-04T11:38:18.401216,53.697,53.697,13151,13151,26302,2.1042,52.7,0,,,,,,,,,,,,4.0,1346.0,43.0,56.0,18740.0,0,75
76,2026-06-04T11:38:18.502388,54.446,54.446,13038,13038,26076,2.0861,50.0,0,,,,,,,,,,,,4.0,1346.0,43.0,45.8,18738.0,0,75
77,2026-06-04T11:38:18.619606,53.345,53.345,13033,13033,26066,2.0853,54.2,0,,,,,,,,,,,,4.0,1346.0,43.0,54.3,18739.0,0,75
78,2026-06-04T11:38:18.729535,51.896,51.896,13168,13168,26336,2.1069,51.1,0,,,,,,,,,,,,4.0,1346.0,43.0,48.6,18739.0,0,75
79,2026-06-04T11:38:18.842622,47.47,47.47,13017,13017,26034,2.0827,50.7,0,,,,,,,,,,,,4.0,1346.0,43.0,50.0,18734.0,0,75
80,2026-06-04T11:38:18.942283,47.348,47.348,13277,13277,26554,2.1243,52.5,0,,,,,,,,,,,,4.0,1346.0,43.0,50.8,18745.0,0,75
81,2026-06-04T11:38:19.035312,50.003,50.003,13086,13086,26172,2.0938,47.1,0,,,,,,,,,,,,4.0,1346.0,43.0,48.3,18742.0,0,75
82,2026-06-04T11:38:19.146228,48.948,48.948,13138,13138,26276,2.1021,53.4,0,,,,,,,,,,,,4.0,1346.0,43.0,48.6,18740.0,0,75
83,2026-06-04T11:38:19.242200,54.373,54.373,13263,13263,26526,2.1221,53.2,0,,,,,,,,,,,,4.0,1346.0,43.0,48.3,18741.0,0,75
84,2026-06-04T11:38:19.339302,47.813,47.813,13153,13153,26306,2.1045,52.8,0,,,,,,,,,,,,4.0,1346.0,43.0,54.1,18740.0,0,75
85,2026-06-04T11:38:19.439007,51.121,51.121,13130,13130,26260,2.1008,47.1,0,,,,,,,,,,,,4.0,1346.0,43.0,48.8,18739.0,0,75
86,2026-06-04T11:38:19.556542,54.924,54.924,13278,13278,26556,2.1245,52.6,0,,,,,,,,,,,,4.0,1346.0,43.0,54.2,18736.0,0,75
87,2026-06-04T11:38:19.657477,51.703,51.703,13158,13158,26316,2.1053,49.2,0,,,,,,,,,,,,4.0,1346.0,43.0,55.0,18740.0,0,75
88,2026-06-04T11:38:19.773744,55.941,55.941,13155,13155,26310,2.1048,53.6,0,,,,,,,,,,,,4.0,1346.0,43.0,48.6,18738.0,0,75
89,2026-06-04T11:38:19.874739,54.163,54.163,13279,13279,26558,2.1246,53.5,0,,,,,,,,,,,,4.0,1346.0,43.0,52.5,18746.0,0,75
90,2026-06-04T11:38:19.985301,56.031,56.031,13250,13250,26500,2.12,52.6,0,,,,,,,,,,,,4.0,1346.0,43.0,47.9,18745.0,0,75
91,2026-06-04T11:38:20.085279,52.413,52.413,12932,12932,25864,2.0691,48.6,0,,,,,,,,,,,,4.0,1346.0,43.0,47.5,18742.0,0,75
92,2026-06-04T11:38:20.186989,54.393,54.393,13280,13280,26560,2.1248,52.3,0,,,,,,,,,,,,4.0,1346.0,43.0,47.9,18740.0,0,75
93,2026-06-04T11:38:20.290479,53.907,53.907,13265,13265,26530,2.1224,53.0,0,,,,,,,,,,,,4.0,1346.0,43.0,47.9,18741.0,0,75
94,2026-06-04T11:38:20.387110,54.243,54.243,13013,13013,26026,2.0821,52.5,0,,,,,,,,,,,,4.0,1346.0,43.0,62.5,18738.0,0,75
95,2026-06-04T11:38:20.495848,55.052,55.052,13254,13254,26508,2.1206,52.5,0,,,,,,,,,,,,4.0,1346.0,43.0,50.7,18736.0,0,75
96,2026-06-04T11:38:20.602682,51.831,51.831,13257,13257,26514,2.1211,49.3,0,,,,,,,,,,,,4.0,1346.0,43.0,48.4,18734.0,0,75
97,2026-06-04T11:38:20.701814,49.399,49.399,13004,13004,26008,2.0806,54.1,0,,,,,,,,,,,,4.0,1346.0,43.0,50.7,18755.0,0,75
98,2026-06-04T11:38:20.794414,56.662,56.662,13295,13295,26590,2.1272,53.3,0,,,,,,,,,,,,3.0,1346.0,43.0,49.6,18734.0,0,75
99,2026-06-04T11:38:20.904220,46.871,46.871,13273,13273,26546,2.1237,48.0,0,,,,,,,,,,,,3.0,1346.0,43.0,51.0,18745.0,0,75
100,2026-06-04T11:38:20.999080,52.022,52.022,13228,13228,26456,2.1165,47.0,0,,,,,,,,,,,,3.0,1346.0,43.0,47.5,18744.0,0,75
101,2026-06-04T11:38:21.106820,45.853,45.853,13191,13191,26382,2.1106,45.9,0,,,,,,,,,,,,3.0,1346.0,43.0,47.9,18744.0,0,75
102,2026-06-04T11:38:21.217383,46.33,46.33,13380,13380,26760,2.1408,44.6,0,,,,,,,,,,,,3.0,1346.0,43.0,51.8,18741.0,0,75
103,2026-06-04T11:38:21.325577,58.612,58.612,13258,13258,26516,2.1213,53.4,0,,,,,,,,,,,,3.0,1346.0,43.0,48.9,18739.0,0,75
104,2026-06-04T11:38:21.435547,51.98,51.98,13327,13327,26654,2.1323,49.6,0,,,,,,,,,,,,3.0,1346.0,43.0,47.9,18740.0,0,75
105,2026-06-04T11:38:21.536524,54.524,54.524,13362,13362,26724,2.1379,54.2,0,,,,,,,,,,,,3.0,1346.0,43.0,48.8,18737.0,0,75
106,2026-06-04T11:38:21.639628,45.097,45.097,13268,13268,26536,2.1229,50.7,0,,,,,,,,,,,,3.0,1346.0,43.0,52.1,18732.0,0,75
107,2026-06-04T11:38:21.732579,57.03,57.03,13279,13279,26558,2.1246,53.0,0,,,,,,,,,,,,3.0,1346.0,43.0,48.3,18735.0,0,75
108,2026-06-04T11:38:21.842281,58.107,58.107,13368,13368,26736,2.1389,53.6,0,,,,,,,,,,,,3.0,1346.0,43.0,51.8,18732.0,0,75
109,2026-06-04T11:38:21.955438,52.561,52.561,13268,13268,26536,2.1229,50.1,0,,,,,,,,,,,,3.0,1346.0,43.0,47.1,18746.0,0,75
110,2026-06-04T11:38:22.065289,53.182,53.182,13233,13233,26466,2.1173,48.6,0,,,,,,,,,,,,3.0,1346.0,43.0,48.6,18743.0,0,75
111,2026-06-04T11:38:22.170385,53.774,53.774,12982,12982,25964,2.0771,51.6,0,,,,,,,,,,,,3.0,1346.0,43.0,48.6,18741.0,0,75
112,2026-06-04T11:38:22.281474,52.109,52.109,13158,13158,26316,2.1053,48.6,0,,,,,,,,,,,,3.0,1346.0,43.0,47.1,18739.0,0,75
113,2026-06-04T11:38:22.387259,53.505,53.505,13230,13230,26460,2.1168,51.7,0,,,,,,,,,,,,3.0,1346.0,43.0,51.8,18740.0,0,75
114,2026-06-04T11:38:22.489891,50.324,50.324,13155,13155,26310,2.1048,50.8,0,,,,,,,,,,,,3.0,1346.0,43.0,49.6,18739.0,0,75
115,2026-06-04T11:38:22.599606,49.838,49.838,13168,13168,26336,2.1069,46.7,0,,,,,,,,,,,,3.0,1346.0,43.0,51.4,18736.0,0,75
116,2026-06-04T11:38:22.706097,47.844,47.844,13239,13239,26478,2.1182,49.6,0,,,,,,,,,,,,3.0,1346.0,43.0,47.1,18737.0,0,75
117,2026-06-04T11:38:22.808928,51.075,51.075,13074,13074,26148,2.0918,49.7,0,,,,,,,,,,,,3.0,1346.0,43.0,51.1,18753.0,0,75
118,2026-06-04T11:38:22.920738,53.214,53.214,13182,13182,26364,2.1091,50.9,0,,,,,,,,,,,,3.0,1349.0,43.0,51.1,18744.0,0,75
119,2026-06-04T11:38:23.022687,49.069,49.069,13253,13253,26506,2.1205,45.6,0,,,,,,,,,,,,3.0,1349.0,43.0,47.5,18745.0,0,75
120,2026-06-04T11:38:23.137966,55.343,55.343,13347,13347,26694,2.1355,52.8,0,,,,,,,,,,,,3.0,1349.0,43.0,48.8,18742.0,0,75
121,2026-06-04T11:38:23.240843,43.298,43.298,13138,13138,26276,2.1021,49.5,0,,,,,,,,,,,,3.0,1349.0,43.0,47.5,18743.0,0,75
122,2026-06-04T11:38:23.345395,45.875,45.875,13391,13391,26782,2.1426,51.0,0,,,,,,,,,,,,3.0,1349.0,43.0,47.9,18742.0,0,75
123,2026-06-04T11:38:23.439141,56.008,56.008,13336,13336,26672,2.1338,53.0,0,,,,,,,,,,,,3.0,1349.0,43.0,47.5,18738.0,0,75
124,2026-06-04T11:38:23.551401,59.353,59.353,13282,13282,26564,2.1251,53.9,0,,,,,,,,,,,,3.0,1349.0,43.0,47.5,18737.0,0,75
125,2026-06-04T11:38:23.657765,54.757,54.757,13400,13400,26800,2.144,51.6,0,,,,,,,,,,,,3.0,1349.0,43.0,55.3,18737.0,0,75
126,2026-06-04T11:38:23.759781,53.743,53.743,13343,13343,26686,2.1349,52.6,0,,,,,,,,,,,,3.0,1349.0,43.0,49.2,18738.0,0,75
127,2026-06-04T11:38:23.874250,55.786,55.786,13234,13234,26468,2.1174,53.5,0,,,,,,,,,,,,3.0,1349.0,43.0,63.6,18770.0,0,75
128,2026-06-04T11:38:23.982876,48.694,48.694,13405,13405,26810,2.1448,45.9,0,,,,,,,,,,,,3.0,1375.0,43.0,50.0,18751.0,0,75
129,2026-06-04T11:38:24.089337,47.701,47.701,13350,13350,26700,2.136,46.0,0,,,,,,,,,,,,3.0,1375.0,43.0,55.9,18752.0,0,75
130,2026-06-04T11:38:24.189406,54.946,54.946,13312,13312,26624,2.1299,52.7,0,,,,,,,,,,,,3.0,1375.0,43.0,46.8,18751.0,0,75
131,2026-06-04T11:38:24.293652,52.484,52.484,13198,13198,26396,2.1117,50.7,0,,,,,,,,,,,,3.0,1375.0,43.0,56.7,18749.0,0,75
132,2026-06-04T11:38:24.404354,45.899,45.899,13318,13318,26636,2.1309,47.9,0,,,,,,,,,,,,3.0,1375.0,43.0,49.7,18746.0,0,75
133,2026-06-04T11:38:24.514303,41.479,41.479,13326,13326,26652,2.1322,48.1,0,,,,,,,,,,,,3.0,1375.0,43.0,48.2,18747.0,0,75
134,2026-06-04T11:38:24.617822,55.258,55.258,13332,13332,26664,2.1331,52.7,0,,,,,,,,,,,,3.0,1375.0,43.0,50.4,18744.0,0,75
135,2026-06-04T11:38:24.722602,54.212,54.212,13310,13310,26620,2.1296,51.5,0,,,,,,,,,,,,3.0,1375.0,43.0,48.6,18741.0,0,75
136,2026-06-04T11:38:24.825728,32.908,32.908,13333,13333,26666,2.1333,39.9,0,,,,,,,,,,,,3.0,1375.0,43.0,47.9,18741.0,0,75
137,2026-06-04T11:38:24.922734,55.572,55.572,13278,13278,26556,2.1245,53.0,0,,,,,,,,,,,,3.0,1375.0,43.0,51.2,18752.0,0,75
138,2026-06-04T11:38:25.035041,46.409,46.409,13311,13311,26622,2.1298,50.7,0,,,,,,,,,,,,3.0,1373.0,43.0,47.9,18743.0,0,75
139,2026-06-04T11:38:25.127907,57.594,57.594,13338,13338,26676,2.1341,53.2,0,,,,,,,,,,,,3.0,1373.0,43.0,48.3,18748.0,0,75
140,2026-06-04T11:38:25.239067,43.648,43.648,13326,13326,26652,2.1322,42.6,0,,,,,,,,,,,,3.0,1373.0,43.0,47.9,18750.0,0,75
141,2026-06-04T11:38:25.339793,46.033,46.033,13022,13022,26044,2.0835,51.7,0,,,,,,,,,,,,3.0,1373.0,43.0,51.1,18752.0,0,75
142,2026-06-04T11:38:25.434428,56.569,56.569,13305,13305,26610,2.1288,54.0,0,,,,,,,,,,,,3.0,1373.0,43.0,50.9,18751.0,0,75
143,2026-06-04T11:38:25.544682,45.907,45.907,13305,13305,26610,2.1288,52.4,0,,,,,,,,,,,,3.0,1373.0,43.0,49.0,18748.0,0,75
144,2026-06-04T11:38:25.639063,47.662,47.662,13159,13159,26318,2.1054,52.1,0,,,,,,,,,,,,3.0,1373.0,43.0,58.4,18749.0,0,75
145,2026-06-04T11:38:25.739215,42.384,42.384,13305,13305,26610,2.1288,49.4,0,,,,,,,,,,,,3.0,1373.0,43.0,47.5,18748.0,0,75
146,2026-06-04T11:38:25.841934,46.535,46.535,13338,13338,26676,2.1341,52.6,0,,,,,,,,,,,,3.0,1373.0,43.0,51.4,18745.0,0,75
147,2026-06-04T11:38:25.937964,53.66,53.66,13120,13120,26240,2.0992,52.7,0,,,,,,,,,,,,3.0,1373.0,43.0,51.6,18752.0,0,75
148,2026-06-04T11:38:26.047650,53.153,53.153,13333,13333,26666,2.1333,52.4,0,,,,,,,,,,,,3.0,1372.0,43.0,50.4,18743.0,0,75
149,2026-06-04T11:38:26.155424,54.719,54.719,13323,13323,26646,2.1317,52.1,0,,,,,,,,,,,,3.0,1372.0,43.0,51.4,18748.0,0,75
150,2026-06-04T11:38:26.256866,55.944,55.944,13288,13288,26576,2.1261,52.3,0,,,,,,,,,,,,3.0,1372.0,43.0,47.5,18749.0,0,75
151,2026-06-04T11:38:26.356991,52.228,52.228,13182,13182,26364,2.1091,49.0,0,,,,,,,,,,,,3.0,1372.0,43.0,49.3,18750.0,0,75
152,2026-06-04T11:38:26.466657,47.105,47.105,13432,13432,26864,2.1491,47.2,0,,,,,,,,,,,,3.0,1372.0,43.0,46.5,18749.0,0,75
153,2026-06-04T11:38:26.565659,50.242,50.242,13305,13305,26610,2.1288,49.5,0,,,,,,,,,,,,3.0,1372.0,43.0,49.2,18746.0,0,75
154,2026-06-04T11:38:26.668897,46.331,46.331,13339,13339,26678,2.1342,52.5,0,,,,,,,,,,,,3.0,1372.0,43.0,56.2,18744.0,0,75
155,2026-06-04T11:38:26.774337,53.724,53.724,13425,13425,26850,2.148,51.4,0,,,,,,,,,,,,3.0,1372.0,43.0,47.6,18745.0,0,75
156,2026-06-04T11:38:26.884657,52.388,52.388,13290,13290,26580,2.1264,48.9,0,,,,,,,,,,,,3.0,1372.0,43.0,51.4,18754.0,0,75
157,2026-06-04T11:38:26.986642,54.49,54.49,13308,13308,26616,2.1293,50.2,0,,,,,,,,,,,,3.0,1372.0,43.0,48.6,18754.0,0,75
158,2026-06-04T11:38:27.096477,54.588,54.588,13440,13440,26880,2.1504,52.9,0,,,,,,,,,,,,3.0,1377.0,43.0,50.4,18747.0,0,75
159,2026-06-04T11:38:27.203607,53.128,53.128,13297,13297,26594,2.1275,53.4,0,,,,,,,,,,,,3.0,1377.0,43.0,47.9,18753.0,0,75
160,2026-06-04T11:38:27.315800,53.913,53.913,13408,13408,26816,2.1453,52.0,0,,,,,,,,,,,,3.0,1377.0,43.0,47.1,18753.0,0,75
161,2026-06-04T11:38:27.420271,53.991,53.991,13228,13228,26456,2.1165,52.3,0,,,,,,,,,,,,3.0,1377.0,43.0,57.4,18753.0,0,75
162,2026-06-04T11:38:27.524698,54.791,54.791,13288,13288,26576,2.1261,53.1,0,,,,,,,,,,,,3.0,1377.0,43.0,46.0,18751.0,0,75
163,2026-06-04T11:38:27.633537,48.1,48.1,13398,13398,26796,2.1437,51.5,0,,,,,,,,,,,,3.0,1377.0,43.0,54.3,18751.0,0,75
164,2026-06-04T11:38:27.728336,55.298,55.298,13360,13360,26720,2.1376,51.8,0,,,,,,,,,,,,3.0,1377.0,43.0,54.9,18750.0,0,75
165,2026-06-04T11:38:27.839957,48.738,48.738,13286,13286,26572,2.1258,52.0,0,,,,,,,,,,,,3.0,1377.0,43.0,48.9,18748.0,0,75
166,2026-06-04T11:38:27.934149,53.616,53.616,13418,13418,26836,2.1469,51.6,0,,,,,,,,,,,,3.0,1377.0,43.0,56.8,18756.0,0,75
167,2026-06-04T11:38:28.037866,45.886,45.886,13328,13328,26656,2.1325,45.4,0,,,,,,,,,,,,3.0,1377.0,43.0,46.7,18755.0,0,75
168,2026-06-04T11:38:28.136012,57.823,57.823,13304,13304,26608,2.1286,53.7,0,,,,,,,,,,,,3.0,1377.0,43.0,54.3,18767.0,0,75
169,2026-06-04T11:38:28.246870,35.71,35.71,13417,13417,26834,2.1467,42.0,0,,,,,,,,,,,,3.0,1377.0,43.0,48.6,18754.0,0,75
170,2026-06-04T11:38:28.341689,56.054,56.054,13334,13334,26668,2.1334,53.7,0,,,,,,,,,,,,3.0,1377.0,43.0,52.5,18754.0,0,75
171,2026-06-04T11:38:28.451435,54.764,54.764,12974,12974,25948,2.0758,50.3,0,,,,,,,,,,,,3.0,1377.0,43.0,48.3,18754.0,0,75
172,2026-06-04T11:38:28.563372,53.189,53.189,13349,13349,26698,2.1358,52.0,0,,,,,,,,,,,,3.0,1377.0,43.0,49.3,18753.0,0,75
173,2026-06-04T11:38:28.673746,50.219,50.219,13333,13333,26666,2.1333,51.1,0,,,,,,,,,,,,3.0,1377.0,43.0,51.4,18752.0,0,75
174,2026-06-04T11:38:28.772427,46.349,46.349,13151,13151,26302,2.1042,43.7,0,,,,,,,,,,,,3.0,1377.0,43.0,47.5,18752.0,0,75
175,2026-06-04T11:38:28.889257,53.711,53.711,13338,13338,26676,2.1341,53.2,0,,,,,,,,,,,,3.0,1377.0,43.0,52.5,18756.0,0,75
176,2026-06-04T11:38:28.997298,57.11,57.11,13342,13342,26684,2.1347,52.8,0,,,,,,,,,,,,3.0,1377.0,43.0,48.6,18753.0,0,75
177,2026-06-04T11:38:29.104896,45.496,45.496,13056,13056,26112,2.089,45.4,0,,,,,,,,,,,,3.0,1377.0,43.0,48.3,18752.0,0,75
178,2026-06-04T11:38:29.205116,48.867,48.867,13368,13368,26736,2.1389,47.7,0,,,,,,,,,,,,3.0,1377.0,43.0,50.7,18770.0,0,75
179,2026-06-04T11:38:29.305487,55.234,55.234,13338,13338,26676,2.1341,53.5,0,,,,,,,,,,,,6.0,1384.0,43.0,48.8,18755.0,0,75
180,2026-06-04T11:38:29.407372,54.631,54.631,13314,13314,26628,2.1302,51.7,0,,,,,,,,,,,,6.0,1384.0,43.0,52.5,18756.0,0,75
181,2026-06-04T11:38:29.521090,52.665,52.665,13259,13259,26518,2.1214,53.3,0,,,,,,,,,,,,6.0,1384.0,43.0,47.1,18755.0,0,75
182,2026-06-04T11:38:29.622518,48.973,48.973,13461,13461,26922,2.1538,45.3,0,,,,,,,,,,,,6.0,1384.0,43.0,50.7,18754.0,0,75
183,2026-06-04T11:38:29.724905,57.119,57.119,13329,13329,26658,2.1326,57.0,0,,,,,,,,,,,,6.0,1384.0,43.0,55.4,18750.0,0,75
184,2026-06-04T11:38:29.835013,53.918,53.918,13395,13395,26790,2.1432,53.6,0,,,,,,,,,,,,6.0,1384.0,43.0,62.1,18750.0,0,75
185,2026-06-04T11:38:29.939890,47.473,47.473,13448,13448,26896,2.1517,53.9,0,,,,,,,,,,,,6.0,1384.0,43.0,58.2,18762.0,0,75
186,2026-06-04T11:38:30.035737,53.719,53.719,13342,13342,26684,2.1347,52.5,0,,,,,,,,,,,,6.0,1384.0,43.0,55.0,18759.0,0,75
187,2026-06-04T11:38:30.139086,48.629,48.629,13350,13350,26700,2.136,47.0,0,,,,,,,,,,,,6.0,1384.0,43.0,50.0,18754.0,0,75
188,2026-06-04T11:38:30.244495,45.517,45.517,13453,13453,26906,2.1525,52.1,0,,,,,,,,,,,,6.0,1384.0,43.0,49.2,18752.0,0,75
189,2026-06-04T11:38:30.335301,46.522,46.522,13340,13340,26680,2.1344,51.2,0,,,,,,,,,,,,7.0,1385.0,43.0,50.8,18755.0,0,75
190,2026-06-04T11:38:30.428944,52.751,52.751,13439,13439,26878,2.1502,50.9,0,,,,,,,,,,,,7.0,1385.0,43.0,48.3,18754.0,0,75
191,2026-06-04T11:38:30.541587,47.997,47.997,13217,13217,26434,2.1147,52.8,0,,,,,,,,,,,,7.0,1385.0,43.0,50.7,18751.0,0,75
192,2026-06-04T11:38:30.639680,45.52,45.52,13365,13365,26730,2.1384,52.6,0,,,,,,,,,,,,7.0,1385.0,43.0,54.0,18752.0,0,75
193,2026-06-04T11:38:30.732983,52.752,52.752,13430,13430,26860,2.1488,49.5,0,,,,,,,,,,,,7.0,1385.0,43.0,47.5,18748.0,0,75
194,2026-06-04T11:38:30.836055,51.497,51.497,13344,13344,26688,2.135,47.3,0,,,,,,,,,,,,7.0,1385.0,43.0,47.5,18745.0,0,75
195,2026-06-04T11:38:30.947934,45.852,45.852,13363,13363,26726,2.1381,43.0,0,,,,,,,,,,,,7.0,1385.0,43.0,50.7,18756.0,0,75
196,2026-06-04T11:38:31.056027,50.123,50.123,13455,13455,26910,2.1528,50.3,0,,,,,,,,,,,,7.0,1385.0,43.0,50.0,18754.0,0,75
197,2026-06-04T11:38:31.156380,54.018,54.018,13313,13313,26626,2.1301,50.1,0,,,,,,,,,,,,7.0,1385.0,43.0,49.6,18752.0,0,75
198,2026-06-04T11:38:31.267691,45.319,45.319,13393,13393,26786,2.1429,51.5,0,,,,,,,,,,,,7.0,1385.0,43.0,47.1,18750.0,0,75
199,2026-06-04T11:38:31.360541,48.043,48.043,13448,13448,26896,2.1517,46.9,0,,,,,,,,,,,,3.0,1349.0,43.0,49.2,18754.0,0,75
200,2026-06-04T11:38:31.472682,52.184,52.184,13584,13584,27168,2.1734,48.9,0,,,,,,,,,,,,3.0,1349.0,43.0,47.5,18751.0,0,75
201,2026-06-04T11:38:31.585390,52.238,52.238,13375,13375,26750,2.14,50.3,0,,,,,,,,,,,,3.0,1349.0,43.0,47.1,18751.0,0,75
202,2026-06-04T11:38:31.689239,57.503,57.503,13651,13651,27302,2.1842,53.1,0,,,,,,,,,,,,3.0,1349.0,43.0,50.7,18748.0,0,75
203,2026-06-04T11:38:31.799864,47.41,47.41,13586,13586,27172,2.1738,46.6,0,,,,,,,,,,,,3.0,1349.0,43.0,47.9,18749.0,0,75
204,2026-06-04T11:38:31.906049,55.871,55.871,13516,13516,27032,2.1626,53.7,0,,,,,,,,,,,,3.0,1349.0,43.0,52.1,18755.0,0,75
205,2026-06-04T11:38:32.018692,48.101,48.101,13631,13631,27262,2.181,45.2,0,,,,,,,,,,,,3.0,1349.0,43.0,47.9,18755.0,0,75
206,2026-06-04T11:38:32.119288,51.7,51.7,13589,13589,27178,2.1742,52.2,0,,,,,,,,,,,,3.0,1349.0,43.0,47.5,18751.0,0,75
207,2026-06-04T11:38:32.222224,53.918,53.918,13482,13482,26964,2.1571,52.2,0,,,,,,,,,,,,3.0,1349.0,43.0,47.9,18753.0,0,75
208,2026-06-04T11:38:32.324726,52.516,52.516,13662,13662,27324,2.1859,50.9,0,,,,,,,,,,,,3.0,1349.0,43.0,50.7,18752.0,0,75
209,2026-06-04T11:38:32.437060,51.591,51.591,13577,13577,27154,2.1723,51.1,0,,,,,,,,,,,,3.0,1349.0,43.0,49.0,18754.0,0,75
210,2026-06-04T11:38:32.539395,49.46,49.46,13458,13458,26916,2.1533,53.0,0,,,,,,,,,,,,3.0,1349.0,43.0,47.5,18751.0,0,75
211,2026-06-04T11:38:32.636631,55.177,55.177,13262,13262,26524,2.1219,52.8,0,,,,,,,,,,,,3.0,1349.0,43.0,56.4,18752.0,0,75
212,2026-06-04T11:38:32.739363,54.697,54.697,13457,13457,26914,2.1531,52.8,0,,,,,,,,,,,,3.0,1349.0,43.0,48.0,18751.0,0,75
213,2026-06-04T11:38:32.849647,52.968,52.968,13444,13444,26888,2.151,48.8,0,,,,,,,,,,,,3.0,1349.0,43.0,47.9,18751.0,0,75
214,2026-06-04T11:38:32.960328,49.629,49.629,13445,13445,26890,2.1512,51.4,0,,,,,,,,,,,,3.0,1349.0,43.0,52.1,18757.0,0,75
215,2026-06-04T11:38:33.054863,48.872,48.872,13466,13466,26932,2.1546,46.1,0,,,,,,,,,,,,3.0,1349.0,43.0,48.3,18754.0,0,75
216,2026-06-04T11:38:33.167736,52.351,52.351,13483,13483,26966,2.1573,50.3,0,,,,,,,,,,,,3.0,1349.0,43.0,51.3,18754.0,0,75
217,2026-06-04T11:38:33.267959,45.243,45.243,13376,13376,26752,2.1402,47.5,0,,,,,,,,,,,,3.0,1349.0,43.0,45.7,18751.0,0,75
218,2026-06-04T11:38:33.369244,50.167,50.167,13470,13470,26940,2.1552,49.3,0,,,,,,,,,,,,3.0,1349.0,43.0,47.1,18751.0,0,75
219,2026-06-04T11:38:33.469296,51.978,51.978,13468,13468,26936,2.1549,52.7,0,,,,,,,,,,,,3.0,1349.0,43.0,48.6,18772.0,0,75
220,2026-06-04T11:38:33.579246,46.73,46.73,13646,13646,27292,2.1834,49.0,0,,,,,,,,,,,,3.0,1349.0,43.0,47.9,18753.0,0,75
221,2026-06-04T11:38:33.689459,45.996,45.996,13390,13390,26780,2.1424,42.5,0,,,,,,,,,,,,3.0,1349.0,43.0,50.0,18750.0,0,75
222,2026-06-04T11:38:33.791542,51.485,51.485,13618,13618,27236,2.1789,49.7,0,,,,,,,,,,,,3.0,1349.0,43.0,47.5,18752.0,0,75
223,2026-06-04T11:38:33.901672,53.169,53.169,13630,13630,27260,2.1808,51.8,0,,,,,,,,,,,,3.0,1349.0,43.0,52.1,18755.0,0,75
224,2026-06-04T11:38:34.012808,49.803,49.803,13503,13503,27006,2.1605,48.2,0,,,,,,,,,,,,3.0,1349.0,43.0,57.2,18755.0,0,75
225,2026-06-04T11:38:34.124410,47.064,47.064,13613,13613,27226,2.1781,50.4,0,,,,,,,,,,,,3.0,1349.0,43.0,47.5,18754.0,0,75
226,2026-06-04T11:38:34.235315,46.676,46.676,13663,13663,27326,2.1861,50.2,0,,,,,,,,,,,,3.0,1349.0,43.0,47.1,18753.0,0,75
227,2026-06-04T11:38:34.339156,56.219,56.219,13459,13459,26918,2.1534,53.4,0,,,,,,,,,,,,3.0,1349.0,43.0,50.7,18750.0,0,75
228,2026-06-04T11:38:34.451081,52.426,52.426,13638,13638,27276,2.1821,51.7,0,,,,,,,,,,,,3.0,1349.0,43.0,52.9,18748.0,0,75
229,2026-06-04T11:38:34.552879,50.903,50.903,13638,13638,27276,2.1821,52.0,0,,,,,,,,,,,,3.0,1337.0,43.0,48.0,18749.0,0,75
230,2026-06-04T11:38:34.662066,53.365,53.365,13523,13523,27046,2.1637,51.5,0,,,,,,,,,,,,3.0,1337.0,43.0,52.1,18750.0,0,75
231,2026-06-04T11:38:34.772834,54.591,54.591,13440,13440,26880,2.1504,53.3,0,,,,,,,,,,,,3.0,1337.0,43.0,48.6,18750.0,0,75
232,2026-06-04T11:38:34.873074,55.783,55.783,13646,13646,27292,2.1834,53.1,0,,,,,,,,,,,,3.0,1337.0,43.0,54.3,18752.0,0,75
233,2026-06-04T11:38:34.987257,52.286,52.286,13513,13513,27026,2.1621,50.6,0,,,,,,,,,,,,3.0,1337.0,43.0,47.1,18754.0,0,75
234,2026-06-04T11:38:35.099746,48.295,48.295,13568,13568,27136,2.1709,47.3,0,,,,,,,,,,,,3.0,1337.0,43.0,47.1,18753.0,0,75
235,2026-06-04T11:38:35.209860,52.916,52.916,13618,13618,27236,2.1789,51.9,0,,,,,,,,,,,,3.0,1337.0,43.0,47.1,18753.0,0,75
236,2026-06-04T11:38:35.321525,53.156,53.156,13518,13518,27036,2.1629,53.0,0,,,,,,,,,,,,3.0,1337.0,43.0,48.2,18750.0,0,75
237,2026-06-04T11:38:35.422756,45.966,45.966,13523,13523,27046,2.1637,46.6,0,,,,,,,,,,,,3.0,1337.0,43.0,50.0,18747.0,0,75
238,2026-06-04T11:38:35.532489,53.887,53.887,13650,13650,27300,2.184,50.9,0,,,,,,,,,,,,3.0,1337.0,43.0,48.2,18748.0,0,75
239,2026-06-04T11:38:35.644748,54.409,54.409,13508,13508,27016,2.1613,53.1,0,,,,,,,,,,,,3.0,1337.0,43.0,50.7,18750.0,0,75
240,2026-06-04T11:38:35.756833,46.11,46.11,13575,13575,27150,2.172,50.4,0,,,,,,,,,,,,3.0,1337.0,43.0,50.7,18747.0,0,75
241,2026-06-04T11:38:35.852133,49.558,49.558,13358,13358,26716,2.1373,50.9,0,,,,,,,,,,,,3.0,1337.0,43.0,48.3,18743.0,0,75
242,2026-06-04T11:38:35.955377,52.49,52.49,13460,13460,26920,2.1536,51.3,0,,,,,,,,,,,,3.0,1337.0,43.0,47.9,18755.0,0,75
243,2026-06-04T11:38:36.065853,55.025,55.025,13542,13542,27084,2.1667,50.5,0,,,,,,,,,,,,3.0,1337.0,43.0,47.9,18751.0,0,75
244,2026-06-04T11:38:36.177261,53.254,53.254,13503,13503,27006,2.1605,50.5,0,,,,,,,,,,,,3.0,1337.0,43.0,48.6,18752.0,0,75
245,2026-06-04T11:38:36.287499,51.238,51.238,13445,13445,26890,2.1512,47.8,0,,,,,,,,,,,,3.0,1337.0,43.0,47.9,18750.0,0,75
246,2026-06-04T11:38:36.397624,43.322,43.322,13582,13582,27164,2.1731,52.0,0,,,,,,,,,,,,3.0,1337.0,43.0,47.9,18749.0,0,75
247,2026-06-04T11:38:36.489165,54.046,54.046,13455,13455,26910,2.1528,51.7,0,,,,,,,,,,,,3.0,1337.0,43.0,48.3,18747.0,0,75
248,2026-06-04T11:38:36.598428,47.523,47.523,13473,13473,26946,2.1557,49.5,0,,,,,,,,,,,,3.0,1337.0,43.0,47.9,18745.0,0,75
249,2026-06-04T11:38:36.693146,47.231,47.231,13570,13570,27140,2.1712,46.9,0,,,,,,,,,,,,3.0,1337.0,43.0,55.0,18749.0,0,75
250,2026-06-04T11:38:36.805176,50.462,50.462,13654,13654,27308,2.1846,51.7,0,,,,,,,,,,,,3.0,1337.0,43.0,47.1,18749.0,0,75
251,2026-06-04T11:38:36.915920,49.829,49.829,13332,13332,26664,2.1331,52.6,0,,,,,,,,,,,,3.0,1337.0,43.0,52.1,18754.0,0,75
252,2026-06-04T11:38:37.023682,53.131,53.131,13674,13674,27348,2.1878,52.2,0,,,,,,,,,,,,3.0,1337.0,43.0,47.9,18753.0,0,75
253,2026-06-04T11:38:37.122683,39.723,39.723,13640,13640,27280,2.1824,42.0,0,,,,,,,,,,,,3.0,1337.0,43.0,50.7,18752.0,0,75
254,2026-06-04T11:38:37.219324,50.801,50.801,13443,13443,26886,2.1509,50.6,0,,,,,,,,,,,,3.0,1337.0,43.0,46.7,18749.0,0,75
255,2026-06-04T11:38:37.319113,55.054,55.054,13651,13651,27302,2.1842,52.4,0,,,,,,,,,,,,3.0,1337.0,43.0,47.5,18751.0,0,75
256,2026-06-04T11:38:37.419402,47.85,47.85,13589,13589,27178,2.1742,44.3,0,,,,,,,,,,,,3.0,1337.0,43.0,56.8,18750.0,0,75
257,2026-06-04T11:38:37.522688,51.666,51.666,13505,13505,27010,2.1608,50.7,0,,,,,,,,,,,,3.0,1337.0,43.0,52.8,18745.0,0,75
258,2026-06-04T11:38:37.622552,49.15,49.15,13484,13484,26968,2.1574,51.5,0,,,,,,,,,,,,3.0,1337.0,43.0,48.6,18741.0,0,75
259,2026-06-04T11:38:37.719595,43.064,43.064,13593,13593,27186,2.1749,46.6,0,,,,,,,,,,,,3.0,1337.0,43.0,50.8,18762.0,0,75
260,2026-06-04T11:38:37.818188,43.431,43.431,13574,13574,27148,2.1718,46.6,0,,,,,,,,,,,,3.0,1337.0,43.0,49.2,18745.0,0,75
261,2026-06-04T11:38:37.919667,51.42,51.42,13271,13271,26542,2.1234,49.8,0,,,,,,,,,,,,3.0,1337.0,43.0,57.5,18747.0,0,75
262,2026-06-04T11:38:38.024845,44.927,44.927,13585,13585,27170,2.1736,50.0,0,,,,,,,,,,,,3.0,1337.0,43.0,50.0,18748.0,0,75
263,2026-06-04T11:38:38.117188,47.725,47.725,13591,13591,27182,2.1746,51.2,0,,,,,,,,,,,,3.0,1337.0,43.0,49.2,18747.0,0,75
264,2026-06-04T11:38:38.223328,53.986,53.986,13378,13378,26756,2.1405,52.6,0,,,,,,,,,,,,3.0,1337.0,43.0,47.9,18744.0,0,75
265,2026-06-04T11:38:38.332028,50.772,50.772,13586,13586,27172,2.1738,47.7,0,,,,,,,,,,,,3.0,1337.0,43.0,48.6,18745.0,0,75
266,2026-06-04T11:38:38.439916,50.127,50.127,13572,13572,27144,2.1715,49.3,0,,,,,,,,,,,,3.0,1337.0,43.0,47.1,18744.0,0,75
267,2026-06-04T11:38:38.550177,43.393,43.393,13328,13328,26656,2.1325,47.5,0,,,,,,,,,,,,3.0,1337.0,43.0,47.5,18744.0,0,75
268,2026-06-04T11:38:38.654015,47.546,47.546,13588,13588,27176,2.1741,51.8,0,,,,,,,,,,,,3.0,1337.0,43.0,52.6,18737.0,0,75
269,2026-06-04T11:38:38.748072,54.316,54.316,13574,13574,27148,2.1718,51.8,0,,,,,,,,,,,,3.0,1337.0,43.0,51.6,18737.0,0,75
270,2026-06-04T11:38:38.856630,55.5,55.5,13316,13316,26632,2.1306,52.0,0,,,,,,,,,,,,3.0,1337.0,43.0,48.9,18741.0,0,75
271,2026-06-04T11:38:38.967168,48.127,48.127,13230,13230,26460,2.1168,51.6,0,,,,,,,,,,,,3.0,1337.0,43.0,47.1,18746.0,0,75
272,2026-06-04T11:38:39.064644,50.154,50.154,13461,13461,26922,2.1538,48.6,0,,,,,,,,,,,,3.0,1337.0,43.0,47.5,18744.0,0,75
273,2026-06-04T11:38:39.170169,52.468,52.468,13313,13313,26626,2.1301,51.8,0,,,,,,,,,,,,3.0,1337.0,43.0,52.6,18745.0,0,75
274,2026-06-04T11:38:39.271806,53.44,53.44,13380,13380,26760,2.1408,50.2,0,,,,,,,,,,,,3.0,1337.0,43.0,52.8,18744.0,0,75
275,2026-06-04T11:38:39.372698,58.753,58.753,13478,13478,26956,2.1565,54.7,0,,,,,,,,,,,,3.0,1337.0,43.0,48.2,18741.0,0,75
276,2026-06-04T11:38:39.483673,47.78,47.78,13347,13347,26694,2.1355,51.3,0,,,,,,,,,,,,3.0,1337.0,43.0,46.8,18742.0,0,75
277,2026-06-04T11:38:39.578824,46.293,46.293,13300,13300,26600,2.128,48.8,0,,,,,,,,,,,,3.0,1337.0,43.0,47.9,18740.0,0,75
278,2026-06-04T11:38:39.687586,51.942,51.942,13459,13459,26918,2.1534,53.9,0,,,,,,,,,,,,3.0,1337.0,43.0,48.6,18740.0,0,75
279,2026-06-04T11:38:39.789061,46.574,46.574,13334,13334,26668,2.1334,53.1,0,,,,,,,,,,,,3.0,1337.0,43.0,49.6,18737.0,0,75
280,2026-06-04T11:38:39.883044,54.114,54.114,13533,13533,27066,2.1653,50.8,0,,,,,,,,,,,,3.0,1337.0,43.0,55.8,18748.0,0,75
281,2026-06-04T11:38:39.988370,49.958,49.958,13353,13353,26706,2.1365,51.9,0,,,,,,,,,,,,3.0,1337.0,43.0,48.9,18745.0,0,75
282,2026-06-04T11:38:40.099429,40.716,40.716,13465,13465,26930,2.1544,48.1,0,,,,,,,,,,,,3.0,1337.0,43.0,47.1,18746.0,0,75
283,2026-06-04T11:38:40.203588,56.336,56.336,13560,13560,27120,2.1696,52.9,0,,,,,,,,,,,,3.0,1337.0,43.0,47.1,18744.0,0,75
284,2026-06-04T11:38:40.319045,47.151,47.151,13480,13480,26960,2.1568,47.5,0,,,,,,,,,,,,3.0,1337.0,43.0,47.1,18742.0,0,75
285,2026-06-04T11:38:40.418245,57.051,57.051,13455,13455,26910,2.1528,52.9,0,,,,,,,,,,,,3.0,1337.0,43.0,59.4,18740.0,0,75
286,2026-06-04T11:38:40.529575,49.042,49.042,13547,13547,27094,2.1675,46.7,0,,,,,,,,,,,,3.0,1337.0,43.0,46.9,18739.0,0,75
287,2026-06-04T11:38:40.638796,42.684,42.684,13426,13426,26852,2.1482,43.5,0,,,,,,,,,,,,3.0,1337.0,43.0,50.0,18740.0,0,75
288,2026-06-04T11:38:40.736536,53.827,53.827,13478,13478,26956,2.1565,51.8,0,,,,,,,,,,,,3.0,1337.0,43.0,50.0,18737.0,0,75
289,2026-06-04T11:38:40.849827,46.801,46.801,13548,13548,27096,2.1677,53.6,0,,,,,,,,,,,,3.0,1337.0,43.0,47.1,18738.0,0,75
290,2026-06-04T11:38:40.944031,46.76,46.76,13503,13503,27006,2.1605,52.1,0,,,,,,,,,,,,3.0,1337.0,43.0,53.3,18735.0,0,75
291,2026-06-04T11:38:41.038774,54.727,54.727,13265,13265,26530,2.1224,54.2,0,,,,,,,,,,,,3.0,1337.0,43.0,48.3,18736.0,0,75
292,2026-06-04T11:38:41.149501,48.58,48.58,13548,13548,27096,2.1677,49.5,0,,,,,,,,,,,,3.0,1337.0,43.0,50.4,18735.0,0,75
293,2026-06-04T11:38:41.254502,47.365,47.365,13521,13521,27042,2.1634,45.6,0,,,,,,,,,,,,3.0,1337.0,43.0,48.6,18742.0,0,75
294,2026-06-04T11:38:41.356036,47.522,47.522,13399,13399,26798,2.1438,49.4,0,,,,,,,,,,,,3.0,1337.0,43.0,47.9,18742.0,0,75
295,2026-06-04T11:38:41.451628,45.581,45.581,13561,13561,27122,2.1698,50.5,0,,,,,,,,,,,,3.0,1337.0,43.0,47.5,18742.0,0,75
296,2026-06-04T11:38:41.544979,48.109,48.109,13507,13507,27014,2.1611,49.3,0,,,,,,,,,,,,3.0,1337.0,43.0,47.5,18743.0,0,75
297,2026-06-04T11:38:41.657587,55.607,55.607,13381,13381,26762,2.141,53.2,0,,,,,,,,,,,,3.0,1337.0,43.0,48.6,18743.0,0,75
298,2026-06-04T11:38:41.771406,52.15,52.15,13565,13565,27130,2.1704,53.2,0,,,,,,,,,,,,3.0,1337.0,43.0,49.3,18741.0,0,75
299,2026-06-04T11:38:41.874058,49.373,49.373,13512,13512,27024,2.1619,52.8,0,,,,,,,,,,,,3.0,1337.0,43.0,48.9,18742.0,0,75
300,2026-06-04T11:38:41.972502,54.754,54.754,13464,13464,26928,2.1542,50.6,0,,,,,,,,,,,,3.0,1337.0,43.0,49.2,18751.0,0,75
301,2026-06-04T11:38:42.083755,55.81,55.81,13354,13354,26708,2.1366,53.5,0,,,,,,,,,,,,3.0,1337.0,43.0,49.6,18743.0,0,75
302,2026-06-04T11:38:42.195218,50.731,50.731,13489,13489,26978,2.1582,51.1,0,,,,,,,,,,,,3.0,1337.0,43.0,47.9,18746.0,0,75
303,2026-06-04T11:38:42.305998,50.761,50.761,13490,13490,26980,2.1584,53.7,0,,,,,,,,,,,,3.0,1337.0,43.0,47.9,18744.0,0,75
304,2026-06-04T11:38:42.401548,55.001,55.001,13478,13478,26956,2.1565,51.9,0,,,,,,,,,,,,3.0,1337.0,43.0,52.2,18746.0,0,75
305,2026-06-04T11:38:42.512753,43.841,43.841,13490,13490,26980,2.1584,52.4,0,,,,,,,,,,,,3.0,1337.0,43.0,48.2,18744.0,0,75
306,2026-06-04T11:38:42.606009,50.537,50.537,13484,13484,26968,2.1574,49.0,0,,,,,,,,,,,,3.0,1337.0,43.0,48.0,18741.0,0,75
307,2026-06-04T11:38:42.719280,50.839,50.839,13431,13431,26862,2.149,50.2,0,,,,,,,,,,,,3.0,1337.0,43.0,47.2,18743.0,0,75
308,2026-06-04T11:38:42.822258,48.358,48.358,13488,13488,26976,2.1581,50.2,0,,,,,,,,,,,,3.0,1337.0,43.0,48.3,18742.0,0,75
309,2026-06-04T11:38:42.916138,46.822,46.822,13489,13489,26978,2.1582,47.5,0,,,,,,,,,,,,3.0,1337.0,43.0,57.1,18748.0,0,75
310,2026-06-04T11:38:43.022721,47.054,47.054,13390,13390,26780,2.1424,52.0,0,,,,,,,,,,,,3.0,1337.0,43.0,50.4,18754.0,0,75
311,2026-06-04T11:38:43.117003,47.661,47.661,13087,13087,26174,2.0939,49.8,0,,,,,,,,,,,,3.0,1337.0,42.0,50.8,18743.0,0,75
312,2026-06-04T11:38:43.214419,45.47,45.47,13378,13378,26756,2.1405,43.9,0,,,,,,,,,,,,3.0,1337.0,42.0,50.0,18743.0,0,75
313,2026-06-04T11:38:43.323304,47.631,47.631,13404,13404,26808,2.1446,53.1,0,,,,,,,,,,,,3.0,1337.0,42.0,50.7,18747.0,0,75
314,2026-06-04T11:38:43.420278,47.434,47.434,13262,13262,26524,2.1219,51.3,0,,,,,,,,,,,,3.0,1337.0,42.0,49.2,18747.0,0,75
315,2026-06-04T11:38:43.513760,57.504,57.504,13399,13399,26798,2.1438,53.2,0,,,,,,,,,,,,3.0,1337.0,42.0,47.5,18746.0,0,75
316,2026-06-04T11:38:43.624118,47.613,47.613,13404,13404,26808,2.1446,50.8,0,,,,,,,,,,,,3.0,1337.0,42.0,47.1,18743.0,0,75
317,2026-06-04T11:38:43.720517,45.681,45.681,13177,13177,26354,2.1083,52.7,0,,,,,,,,,,,,3.0,1337.0,42.0,47.5,18744.0,0,75
318,2026-06-04T11:38:43.814241,58.042,58.042,13405,13405,26810,2.1448,53.5,0,,,,,,,,,,,,3.0,1337.0,42.0,50.0,18743.0,0,75
319,2026-06-04T11:38:43.919796,59.967,59.967,13418,13418,26836,2.1469,58.0,0,,,,,,,,,,,,3.0,1337.0,42.0,56.5,18750.0,0,75
320,2026-06-04T11:38:44.024666,52.175,52.175,13461,13461,26922,2.1538,53.3,0,,,,,,,,,,,,3.0,1337.0,42.0,52.8,18748.0,0,75
321,2026-06-04T11:38:44.133753,49.742,49.742,13353,13353,26706,2.1365,48.0,0,,,,,,,,,,,,3.0,1400.0,43.0,55.3,18749.0,0,75
322,2026-06-04T11:38:44.240421,47.752,47.752,13543,13543,27086,2.1669,52.7,0,,,,,,,,,,,,3.0,1400.0,43.0,50.0,18745.0,0,75
323,2026-06-04T11:38:44.335042,52.568,52.568,13454,13454,26908,2.1526,49.2,0,,,,,,,,,,,,3.0,1400.0,43.0,48.3,18747.0,0,75
324,2026-06-04T11:38:44.437260,50.778,50.778,13514,13514,27028,2.1622,46.6,0,,,,,,,,,,,,3.0,1400.0,43.0,47.9,18744.0,0,75
325,2026-06-04T11:38:44.538861,48.916,48.916,13565,13565,27130,2.1704,50.6,0,,,,,,,,,,,,3.0,1400.0,43.0,48.3,18745.0,0,75
326,2026-06-04T11:38:44.640207,48.035,48.035,13455,13455,26910,2.1528,48.1,0,,,,,,,,,,,,3.0,1400.0,43.0,49.3,18744.0,0,75
327,2026-06-04T11:38:44.738493,51.178,51.178,13456,13456,26912,2.153,51.9,0,,,,,,,,,,,,3.0,1400.0,43.0,50.4,18744.0,0,75
328,2026-06-04T11:38:44.839377,55.307,55.307,13557,13557,27114,2.1691,53.2,0,,,,,,,,,,,,3.0,1400.0,43.0,52.7,18744.0,0,75
329,2026-06-04T11:38:44.939369,55.386,55.386,13462,13462,26924,2.1539,52.9,0,,,,,,,,,,,,3.0,1400.0,43.0,50.8,18755.0,0,75
330,2026-06-04T11:38:45.038520,54.205,54.205,13516,13516,27032,2.1626,53.8,0,,,,,,,,,,,,3.0,1400.0,43.0,50.0,18752.0,0,75
331,2026-06-04T11:38:45.138346,56.601,56.601,13360,13360,26720,2.1376,53.4,0,,,,,,,,,,,,3.0,1400.0,43.0,59.0,18752.0,0,75
332,2026-06-04T11:38:45.253000,52.494,52.494,13423,13423,26846,2.1477,51.9,0,,,,,,,,,,,,5.0,1400.0,43.0,46.8,18748.0,0,75
333,2026-06-04T11:38:45.355591,48.292,48.292,13544,13544,27088,2.167,49.8,0,,,,,,,,,,,,5.0,1400.0,43.0,47.9,18750.0,0,75
334,2026-06-04T11:38:45.457038,49.214,49.214,13480,13480,26960,2.1568,47.0,0,,,,,,,,,,,,5.0,1400.0,43.0,47.9,18751.0,0,75
335,2026-06-04T11:38:45.558036,46.459,46.459,13417,13417,26834,2.1467,46.1,0,,,,,,,,,,,,5.0,1400.0,43.0,51.5,18750.0,0,75
336,2026-06-04T11:38:45.655411,49.407,49.407,13537,13537,27074,2.1659,52.3,0,,,,,,,,,,,,5.0,1400.0,43.0,50.0,18750.0,0,75
337,2026-06-04T11:38:45.752745,52.228,52.228,13443,13443,26886,2.1509,54.0,0,,,,,,,,,,,,5.0,1400.0,43.0,48.3,18749.0,0,75
338,2026-06-04T11:38:45.860408,50.459,50.459,13416,13416,26832,2.1466,50.9,0,,,,,,,,,,,,5.0,1400.0,43.0,49.3,18748.0,0,75
339,2026-06-04T11:38:45.971272,52.606,52.606,13546,13546,27092,2.1674,52.7,0,,,,,,,,,,,,5.0,1400.0,43.0,50.0,18750.0,0,75
340,2026-06-04T11:38:46.073033,49.583,49.583,13478,13478,26956,2.1565,51.4,0,,,,,,,,,,,,5.0,1400.0,43.0,48.8,18751.0,0,75
341,2026-06-04T11:38:46.169209,51.385,51.385,13133,13133,26266,2.1013,56.2,0,,,,,,,,,,,,5.0,1400.0,43.0,56.9,18748.0,0,75
342,2026-06-04T11:38:46.262856,50.685,50.685,13504,13504,27008,2.1606,51.8,0,,,,,,,,,,,,5.0,1395.0,43.0,52.0,18752.0,0,75
343,2026-06-04T11:38:46.363059,48.488,48.488,13479,13479,26958,2.1566,52.9,0,,,,,,,,,,,,5.0,1395.0,43.0,50.8,18752.0,0,75
344,2026-06-04T11:38:46.456563,50.957,50.957,13289,13289,26578,2.1262,53.3,0,,,,,,,,,,,,5.0,1395.0,43.0,48.8,18751.0,0,75
345,2026-06-04T11:38:46.556629,51.292,51.292,13520,13520,27040,2.1632,49.2,0,,,,,,,,,,,,5.0,1395.0,43.0,49.2,18748.0,0,75
346,2026-06-04T11:38:46.668629,49.948,49.948,13492,13492,26984,2.1587,46.3,0,,,,,,,,,,,,5.0,1395.0,43.0,52.9,18750.0,0,75
347,2026-06-04T11:38:46.771320,47.769,47.769,13251,13251,26502,2.1202,51.1,0,,,,,,,,,,,,5.0,1395.0,43.0,47.6,18749.0,0,75
348,2026-06-04T11:38:46.865643,52.747,52.747,13538,13538,27076,2.1661,53.7,0,,,,,,,,,,,,5.0,1395.0,43.0,49.2,18747.0,0,75
349,2026-06-04T11:38:46.975806,55.429,55.429,13520,13520,27040,2.1632,51.8,0,,,,,,,,,,,,5.0,1395.0,43.0,47.9,18752.0,0,75
350,2026-06-04T11:38:47.087589,48.239,48.239,13422,13422,26844,2.1475,52.2,0,,,,,,,,,,,,5.0,1395.0,43.0,47.9,18748.0,0,75
351,2026-06-04T11:38:47.184325,46.991,46.991,13371,13371,26742,2.1394,49.5,0,,,,,,,,,,,,5.0,1395.0,43.0,51.9,18748.0,0,75
352,2026-06-04T11:38:47.277522,56.085,56.085,13574,13574,27148,2.1718,51.0,0,,,,,,,,,,,,5.0,1395.0,43.0,48.8,18764.0,0,75
353,2026-06-04T11:38:47.386739,47.27,47.27,13431,13431,26862,2.149,51.0,0,,,,,,,,,,,,6.0,1396.0,42.0,50.0,18747.0,0,75
354,2026-06-04T11:38:47.489061,56.571,56.571,13512,13512,27024,2.1619,53.4,0,,,,,,,,,,,,6.0,1396.0,42.0,46.0,18748.0,0,75
355,2026-06-04T11:38:47.588702,47.627,47.627,13594,13594,27188,2.175,51.9,0,,,,,,,,,,,,6.0,1396.0,42.0,51.5,18747.0,0,75
356,2026-06-04T11:38:47.684056,51.584,51.584,13453,13453,26906,2.1525,49.2,0,,,,,,,,,,,,6.0,1396.0,42.0,48.3,18747.0,0,75
357,2026-06-04T11:38:47.787833,51.712,51.712,13494,13494,26988,2.159,49.1,0,,,,,,,,,,,,6.0,1396.0,42.0,49.6,18744.0,0,75
358,2026-06-04T11:38:47.892655,46.841,46.841,13594,13594,27188,2.175,50.8,0,,,,,,,,,,,,6.0,1396.0,42.0,52.9,18751.0,0,75
359,2026-06-04T11:38:47.986078,53.784,53.784,13474,13474,26948,2.1558,52.6,0,,,,,,,,,,,,6.0,1396.0,42.0,47.5,18750.0,0,75
360,2026-06-04T11:38:48.089445,58.731,58.731,13580,13580,27160,2.1728,55.5,0,,,,,,,,,,,,6.0,1396.0,42.0,54.3,18759.0,0,75
361,2026-06-04T11:38:48.206086,45.116,45.116,13388,13388,26776,2.1421,52.7,0,,,,,,,,,,,,6.0,1396.0,42.0,55.2,18752.0,0,75
362,2026-06-04T11:38:48.298620,56.963,56.963,13497,13497,26994,2.1595,55.1,0,,,,,,,,,,,,6.0,1396.0,42.0,48.8,18751.0,0,75
363,2026-06-04T11:38:48.403757,50.515,50.515,13582,13582,27164,2.1731,50.6,0,,,,,,,,,,,,3.0,1396.0,43.0,53.9,18752.0,0,75
364,2026-06-04T11:38:48.513558,46.839,46.839,13509,13509,27018,2.1614,51.2,0,,,,,,,,,,,,3.0,1396.0,43.0,47.1,18751.0,0,75
365,2026-06-04T11:38:48.607359,47.866,47.866,13495,13495,26990,2.1592,50.9,0,,,,,,,,,,,,3.0,1396.0,43.0,47.5,18750.0,0,75
366,2026-06-04T11:38:48.706040,57.14,57.14,13586,13586,27172,2.1738,53.1,0,,,,,,,,,,,,3.0,1396.0,43.0,47.5,18747.0,0,75
367,2026-06-04T11:38:48.817798,46.265,46.265,13473,13473,26946,2.1557,51.0,0,,,,,,,,,,,,3.0,1396.0,43.0,50.7,18751.0,0,75
368,2026-06-04T11:38:48.911783,47.655,47.655,13516,13516,27032,2.1626,52.6,0,,,,,,,,,,,,3.0,1396.0,43.0,52.5,18763.0,0,75
369,2026-06-04T11:38:49.006760,54.978,54.978,13596,13596,27192,2.1754,52.0,0,,,,,,,,,,,,3.0,1396.0,43.0,49.2,18762.0,0,75
370,2026-06-04T11:38:49.118389,55.56,55.56,13467,13467,26934,2.1547,51.9,0,,,,,,,,,,,,3.0,1396.0,43.0,47.9,18762.0,0,75
371,2026-06-04T11:38:49.222729,50.207,50.207,13191,13191,26382,2.1106,48.0,0,,,,,,,,,,,,3.0,1396.0,43.0,48.6,18758.0,0,75
372,2026-06-04T11:38:49.337500,56.125,56.125,13513,13513,27026,2.1621,53.1,0,,,,,,,,,,,,3.0,1396.0,43.0,49.3,18756.0,0,75
373,2026-06-04T11:38:49.449759,39.335,39.335,13469,13469,26938,2.155,47.0,0,,,,,,,,,,,,3.0,1391.0,43.0,51.9,18756.0,0,75
374,2026-06-04T11:38:49.551406,54.359,54.359,13378,13378,26756,2.1405,53.7,0,,,,,,,,,,,,3.0,1391.0,43.0,45.2,18755.0,0,75
375,2026-06-04T11:38:49.663685,53.493,53.493,13540,13540,27080,2.1664,52.4,0,,,,,,,,,,,,3.0,1391.0,43.0,51.4,18758.0,0,75
376,2026-06-04T11:38:49.773841,45.459,45.459,13482,13482,26964,2.1571,53.4,0,,,,,,,,,,,,3.0,1391.0,43.0,50.7,18757.0,0,75
377,2026-06-04T11:38:49.866775,57.126,57.126,13305,13305,26610,2.1288,53.1,0,,,,,,,,,,,,3.0,1391.0,43.0,50.8,18757.0,0,75
378,2026-06-04T11:38:49.972703,51.716,51.716,13546,13546,27092,2.1674,49.5,0,,,,,,,,,,,,3.0,1391.0,43.0,47.9,18758.0,0,75
379,2026-06-04T11:38:50.073244,49.612,49.612,13470,13470,26940,2.1552,53.7,0,,,,,,,,,,,,3.0,1391.0,43.0,47.5,18757.0,0,75
380,2026-06-04T11:38:50.170600,52.606,52.606,13538,13538,27076,2.1661,54.4,0,,,,,,,,,,,,3.0,1391.0,43.0,50.0,18755.0,0,75
381,2026-06-04T11:38:50.272026,54.802,54.802,13447,13447,26894,2.1515,52.1,0,,,,,,,,,,,,3.0,1391.0,43.0,46.7,18754.0,0,75
382,2026-06-04T11:38:50.387452,53.722,53.722,13579,13579,27158,2.1726,51.4,0,,,,,,,,,,,,3.0,1391.0,43.0,51.6,18753.0,0,75
383,2026-06-04T11:38:50.501669,57.213,57.213,13555,13555,27110,2.1688,53.4,0,,,,,,,,,,,,3.0,1386.0,42.0,46.3,18754.0,0,75
384,2026-06-04T11:38:50.602490,56.654,56.654,13571,13571,27142,2.1714,51.8,0,,,,,,,,,,,,3.0,1386.0,42.0,48.3,18752.0,0,75
385,2026-06-04T11:38:50.715079,42.834,42.834,13573,13573,27146,2.1717,51.6,0,,,,,,,,,,,,3.0,1386.0,42.0,53.2,18753.0,0,75
386,2026-06-04T11:38:50.803447,52.29,52.29,13573,13573,27146,2.1717,54.0,0,,,,,,,,,,,,3.0,1386.0,42.0,52.9,18752.0,0,75
387,2026-06-04T11:38:50.901356,47.2,47.2,13538,13538,27076,2.1661,54.4,0,,,,,,,,,,,,3.0,1386.0,42.0,57.9,18758.0,0,75
388,2026-06-04T11:38:50.996113,52.433,52.433,13570,13570,27140,2.1712,49.1,0,,,,,,,,,,,,3.0,1386.0,42.0,49.6,18757.0,0,75
389,2026-06-04T11:38:51.106576,44.784,44.784,13572,13572,27144,2.1715,52.3,0,,,,,,,,,,,,3.0,1386.0,42.0,49.3,18756.0,0,75
390,2026-06-04T11:38:51.212281,54.9,54.9,13616,13616,27232,2.1786,51.2,0,,,,,,,,,,,,3.0,1386.0,42.0,47.1,18754.0,0,75
391,2026-06-04T11:38:51.324063,45.761,45.761,13349,13349,26698,2.1358,47.8,0,,,,,,,,,,,,3.0,1386.0,42.0,50.0,18751.0,0,75
392,2026-06-04T11:38:51.423436,50.107,50.107,13597,13597,27194,2.1755,47.2,0,,,,,,,,,,,,3.0,1386.0,42.0,49.3,18749.0,0,75
393,2026-06-04T11:38:51.531700,50.886,50.886,13622,13622,27244,2.1795,52.2,0,,,,,,,,,,,,3.0,1386.0,42.0,57.6,18769.0,0,75
394,2026-06-04T11:38:51.642639,53.449,53.449,13472,13472,26944,2.1555,52.8,0,,,,,,,,,,,,3.0,1394.0,42.0,47.9,18753.0,0,75
395,2026-06-04T11:38:51.754407,52.41,52.41,13599,13599,27198,2.1758,49.6,0,,,,,,,,,,,,3.0,1394.0,42.0,47.1,18753.0,0,75
396,2026-06-04T11:38:51.856027,57.238,57.238,13627,13627,27254,2.1803,55.4,0,,,,,,,,,,,,3.0,1394.0,42.0,53.2,18752.0,0,75
397,2026-06-04T11:38:51.954437,47.173,47.173,13442,13442,26884,2.1507,49.9,0,,,,,,,,,,,,3.0,1394.0,42.0,47.9,18760.0,0,75
398,2026-06-04T11:38:52.048556,42.244,42.244,13615,13615,27230,2.1784,47.0,0,,,,,,,,,,,,3.0,1394.0,42.0,47.5,18759.0,0,75
399,2026-06-04T11:38:52.154689,51.283,51.283,13620,13620,27240,2.1792,47.0,0,,,,,,,,,,,,3.0,1394.0,42.0,48.6,18759.0,0,75
400,2026-06-04T11:38:52.266672,49.951,49.951,13427,13427,26854,2.1483,52.4,0,,,,,,,,,,,,3.0,1394.0,42.0,48.6,18756.0,0,75
401,2026-06-04T11:38:52.371042,53.042,53.042,13332,13332,26664,2.1331,48.8,0,,,,,,,,,,,,3.0,1394.0,42.0,51.1,18758.0,0,75
402,2026-06-04T11:38:52.473377,54.021,54.021,13558,13558,27116,2.1693,50.6,0,,,,,,,,,,,,3.0,1394.0,42.0,50.0,18758.0,0,75
403,2026-06-04T11:38:52.587753,49.096,49.096,13443,13443,26886,2.1509,49.6,0,,,,,,,,,,,,3.0,1394.0,42.0,50.7,18774.0,0,75
404,2026-06-04T11:38:52.697813,61.074,61.074,13473,13473,26946,2.1557,59.0,0,,,,,,,,,,,,4.0,1386.0,43.0,52.3,18759.0,0,75
405,2026-06-04T11:38:52.805592,51.474,51.474,13544,13544,27088,2.167,52.8,0,,,,,,,,,,,,4.0,1386.0,43.0,76.0,18754.0,0,75
406,2026-06-04T11:38:52.907067,56.545,56.545,13426,13426,26852,2.1482,54.1,0,,,,,,,,,,,,4.0,1386.0,43.0,53.2,18765.0,0,75
407,2026-06-04T11:38:53.018496,55.238,55.238,13430,13430,26860,2.1488,51.4,0,,,,,,,,,,,,4.0,1386.0,43.0,49.3,18764.0,0,75
408,2026-06-04T11:38:53.122025,47.522,47.522,13563,13563,27126,2.1701,46.0,0,,,,,,,,,,,,4.0,1386.0,43.0,51.8,18764.0,0,75
409,2026-06-04T11:38:53.223777,57.108,57.108,13441,13441,26882,2.1506,54.3,0,,,,,,,,,,,,4.0,1386.0,43.0,50.4,18762.0,0,75
410,2026-06-04T11:38:53.336260,45.463,45.463,13391,13391,26782,2.1426,43.7,0,,,,,,,,,,,,4.0,1386.0,43.0,56.7,18766.0,0,75
411,2026-06-04T11:38:53.439391,51.67,51.67,13172,13172,26344,2.1075,53.4,0,,,,,,,,,,,,4.0,1386.0,43.0,47.1,18766.0,0,75
412,2026-06-04T11:38:53.538829,47.825,47.825,13299,13299,26598,2.1278,53.6,0,,,,,,,,,,,,4.0,1386.0,43.0,47.9,18765.0,0,75
413,2026-06-04T11:38:53.633983,53.81,53.81,13383,13383,26766,2.1413,50.5,0,,,,,,,,,,,,4.0,1386.0,43.0,54.2,18766.0,0,75
414,2026-06-04T11:38:53.745139,47.148,47.148,13355,13355,26710,2.1368,52.6,0,,,,,,,,,,,,3.0,1397.0,42.0,51.0,18765.0,0,75
415,2026-06-04T11:38:53.839658,47.574,47.574,13301,13301,26602,2.1282,47.2,0,,,,,,,,,,,,3.0,1397.0,42.0,55.1,18764.0,0,75
416,2026-06-04T11:38:53.939881,48.092,48.092,13425,13425,26850,2.148,51.9,0,,,,,,,,,,,,3.0,1397.0,42.0,47.2,18776.0,0,75
417,2026-06-04T11:38:54.036010,55.259,55.259,13280,13280,26560,2.1248,52.1,0,,,,,,,,,,,,3.0,1397.0,42.0,47.5,18774.0,0,75
418,2026-06-04T11:38:54.146602,48.501,48.501,13299,13299,26598,2.1278,49.0,0,,,,,,,,,,,,3.0,1397.0,42.0,49.6,18774.0,0,75
419,2026-06-04T11:38:54.255994,55.421,55.421,13405,13405,26810,2.1448,53.1,0,,,,,,,,,,,,3.0,1397.0,42.0,49.3,18772.0,0,75
420,2026-06-04T11:38:54.356008,47.616,47.616,13544,13544,27088,2.167,49.6,0,,,,,,,,,,,,3.0,1397.0,42.0,49.3,18771.0,0,75
421,2026-06-04T11:38:54.450492,52.168,52.168,13237,13237,26474,2.1179,47.4,0,,,,,,,,,,,,3.0,1397.0,42.0,46.7,18771.0,0,75
422,2026-06-04T11:38:54.551612,54.133,54.133,13556,13556,27112,2.169,52.0,0,,,,,,,,,,,,3.0,1397.0,42.0,47.5,18769.0,0,75
423,2026-06-04T11:38:54.664904,46.97,46.97,13549,13549,27098,2.1678,54.5,0,,,,,,,,,,,,3.0,1397.0,42.0,50.0,18768.0,0,75
424,2026-06-04T11:38:54.757861,54.016,54.016,13362,13362,26724,2.1379,53.3,0,,,,,,,,,,,,3.0,1397.0,42.0,50.8,18771.0,0,75
425,2026-06-04T11:38:54.868230,51.956,51.956,13539,13539,27078,2.1662,50.7,0,,,,,,,,,,,,3.0,1397.0,42.0,50.0,18776.0,0,75
426,2026-06-04T11:38:54.969683,51.718,51.718,13568,13568,27136,2.1709,54.6,0,,,,,,,,,,,,3.0,1397.0,42.0,50.7,18772.0,0,75
427,2026-06-04T11:38:55.069165,55.64,55.64,13315,13315,26630,2.1304,52.0,0,,,,,,,,,,,,3.0,1397.0,42.0,47.5,18773.0,0,75
428,2026-06-04T11:38:55.170781,48.494,48.494,13564,13564,27128,2.1702,52.3,0,,,,,,,,,,,,3.0,1397.0,42.0,49.3,18771.0,0,75
429,2026-06-04T11:38:55.268224,54.521,54.521,13569,13569,27138,2.171,52.3,0,,,,,,,,,,,,3.0,1397.0,42.0,47.5,18770.0,0,75
430,2026-06-04T11:38:55.370317,53.284,53.284,13375,13375,26750,2.14,53.8,0,,,,,,,,,,,,3.0,1397.0,42.0,48.2,18770.0,0,75
431,2026-06-04T11:38:55.482257,49.412,49.412,13333,13333,26666,2.1333,46.1,0,,,,,,,,,,,,3.0,1397.0,42.0,54.9,18770.0,0,75
432,2026-06-04T11:38:55.589322,49.413,49.413,13551,13551,27102,2.1682,48.3,0,,,,,,,,,,,,3.0,1397.0,42.0,50.4,18754.0,0,75
433,2026-06-04T11:38:55.700552,54.162,54.162,13387,13387,26774,2.1419,51.6,0,,,,,,,,,,,,3.0,1397.0,42.0,47.3,18754.0,0,75
434,2026-06-04T11:38:55.811813,55.091,55.091,13486,13486,26972,2.1578,52.9,0,,,,,,,,,,,,3.0,1358.0,42.0,49.3,18754.0,0,75
435,2026-06-04T11:38:55.922729,54.769,54.769,13542,13542,27084,2.1667,51.1,0,,,,,,,,,,,,3.0,1358.0,42.0,48.6,18759.0,0,75
436,2026-06-04T11:38:56.033704,47.881,47.881,13418,13418,26836,2.1469,44.1,0,,,,,,,,,,,,3.0,1358.0,42.0,47.1,18758.0,0,75
437,2026-06-04T11:38:56.136874,45.293,45.293,13442,13442,26884,2.1507,45.1,0,,,,,,,,,,,,3.0,1358.0,42.0,50.4,18755.0,0,75
438,2026-06-04T11:38:56.239272,47.109,47.109,13566,13566,27132,2.1706,49.9,0,,,,,,,,,,,,3.0,1358.0,42.0,45.7,18756.0,0,75
439,2026-06-04T11:38:56.334299,47.981,47.981,13418,13418,26836,2.1469,52.8,0,,,,,,,,,,,,3.0,1358.0,42.0,47.5,18755.0,0,75
440,2026-06-04T11:38:56.438362,47.355,47.355,13485,13485,26970,2.1576,46.4,0,,,,,,,,,,,,3.0,1358.0,42.0,47.9,18755.0,0,75
441,2026-06-04T11:38:56.549323,40.108,40.108,13272,13272,26544,2.1235,47.7,0,,,,,,,,,,,,3.0,1358.0,42.0,47.1,18753.0,0,75
442,2026-06-04T11:38:56.652713,48.513,48.513,13395,13395,26790,2.1432,47.3,0,,,,,,,,,,,,3.0,1358.0,42.0,50.7,18754.0,0,75
443,2026-06-04T11:38:56.763660,53.319,53.319,13461,13461,26922,2.1538,51.6,0,,,,,,,,,,,,3.0,1358.0,42.0,46.5,18753.0,0,75
444,2026-06-04T11:38:56.877325,54.237,54.237,13413,13413,26826,2.1461,52.5,0,,,,,,,,,,,,3.0,1358.0,42.0,50.7,18759.0,0,75
445,2026-06-04T11:38:56.986451,48.266,48.266,13384,13384,26768,2.1414,46.5,0,,,,,,,,,,,,3.0,1358.0,42.0,47.5,18759.0,0,75
446,2026-06-04T11:38:57.096898,52.423,52.423,13488,13488,26976,2.1581,50.7,0,,,,,,,,,,,,3.0,1358.0,42.0,47.1,18758.0,0,75
447,2026-06-04T11:38:57.201613,51.437,51.437,13361,13361,26722,2.1378,54.6,0,,,,,,,,,,,,3.0,1358.0,42.0,47.1,18757.0,0,75
448,2026-06-04T11:38:57.300550,46.779,46.779,13426,13426,26852,2.1482,48.0,0,,,,,,,,,,,,3.0,1358.0,42.0,47.9,18756.0,0,75
449,2026-06-04T11:38:57.411655,50.541,50.541,13471,13471,26942,2.1554,48.4,0,,,,,,,,,,,,3.0,1358.0,42.0,50.4,18756.0,0,75
450,2026-06-04T11:38:57.521621,47.934,47.934,13536,13536,27072,2.1658,45.7,0,,,,,,,,,,,,3.0,1358.0,42.0,50.0,18753.0,0,75
451,2026-06-04T11:38:57.635356,52.348,52.348,13287,13287,26574,2.1259,52.8,0,,,,,,,,,,,,3.0,1358.0,42.0,52.3,18751.0,0,75
452,2026-06-04T11:38:57.736775,47.945,47.945,13598,13598,27196,2.1757,46.5,0,,,,,,,,,,,,3.0,1358.0,42.0,44.2,18753.0,0,75
453,2026-06-04T11:38:57.850245,58.053,58.053,13541,13541,27082,2.1666,53.8,0,,,,,,,,,,,,3.0,1358.0,42.0,53.2,18752.0,0,75
454,2026-06-04T11:38:57.955582,52.285,52.285,13429,13429,26858,2.1486,52.2,0,,,,,,,,,,,,3.0,1358.0,42.0,51.1,18746.0,0,75
455,2026-06-04T11:38:58.066988,51.661,51.661,13565,13565,27130,2.1704,47.8,0,,,,,,,,,,,,3.0,1358.0,42.0,47.1,18747.0,0,75
456,2026-06-04T11:38:58.173254,46.611,46.611,13541,13541,27082,2.1666,49.3,0,,,,,,,,,,,,3.0,1358.0,42.0,48.6,18745.0,0,75
457,2026-06-04T11:38:58.269164,45.525,45.525,13396,13396,26792,2.1434,53.9,0,,,,,,,,,,,,3.0,1358.0,42.0,48.8,18754.0,0,75
458,2026-06-04T11:38:58.363727,45.862,45.862,13596,13596,27192,2.1754,48.7,0,,,,,,,,,,,,3.0,1358.0,42.0,49.2,18756.0,0,75
459,2026-06-04T11:38:58.473240,46.705,46.705,13523,13523,27046,2.1637,50.3,0,,,,,,,,,,,,3.0,1358.0,42.0,47.1,18756.0,0,75
460,2026-06-04T11:38:58.568467,46.449,46.449,13490,13490,26980,2.1584,49.0,0,,,,,,,,,,,,3.0,1358.0,42.0,47.5,18753.0,0,75
461,2026-06-04T11:38:58.664717,54.447,54.447,13362,13362,26724,2.1379,52.6,0,,,,,,,,,,,,3.0,1358.0,42.0,51.2,18754.0,0,75
462,2026-06-04T11:38:58.771521,52.405,52.405,13529,13529,27058,2.1646,50.4,0,,,,,,,,,,,,3.0,1358.0,42.0,48.2,18753.0,0,75
463,2026-06-04T11:38:58.874738,45.617,45.617,13489,13489,26978,2.1582,51.0,0,,,,,,,,,,,,3.0,1358.0,42.0,51.4,18759.0,0,75
464,2026-06-04T11:38:58.966827,54.135,54.135,13512,13512,27024,2.1619,51.5,0,,,,,,,,,,,,3.0,1358.0,42.0,48.3,18762.0,0,75
465,2026-06-04T11:38:59.072580,44.596,44.596,13517,13517,27034,2.1627,41.5,0,,,,,,,,,,,,3.0,1337.0,42.0,48.3,18745.0,0,75
466,2026-06-04T11:38:59.188962,50.141,50.141,13514,13514,27028,2.1622,51.4,0,,,,,,,,,,,,3.0,1337.0,42.0,48.8,18752.0,0,75
467,2026-06-04T11:38:59.286731,48.078,48.078,13470,13470,26940,2.1552,46.3,0,,,,,,,,,,,,3.0,1337.0,42.0,47.5,18756.0,0,75
468,2026-06-04T11:38:59.399482,51.728,51.728,13532,13532,27064,2.1651,51.7,0,,,,,,,,,,,,3.0,1337.0,42.0,49.3,18758.0,0,75
469,2026-06-04T11:38:59.504937,47.621,47.621,13519,13519,27038,2.163,47.4,0,,,,,,,,,,,,3.0,1337.0,42.0,47.9,18757.0,0,75
470,2026-06-04T11:38:59.606005,50.971,50.971,13477,13477,26954,2.1563,47.1,0,,,,,,,,,,,,3.0,1337.0,42.0,47.8,18757.0,0,75
471,2026-06-04T11:38:59.716719,55.014,55.014,13208,13208,26416,2.1133,53.0,0,,,,,,,,,,,,3.0,1337.0,42.0,46.5,18754.0,0,75
472,2026-06-04T11:38:59.822514,52.774,52.774,13461,13461,26922,2.1538,54.2,0,,,,,,,,,,,,3.0,1337.0,42.0,49.2,18749.0,0,75
473,2026-06-04T11:38:59.918551,53.373,53.373,13465,13465,26930,2.1544,54.3,0,,,,,,,,,,,,3.0,1337.0,42.0,56.7,18753.0,0,75
474,2026-06-04T11:39:00.016643,55.546,55.546,13377,13377,26754,2.1403,52.6,0,,,,,,,,,,,,3.0,1337.0,42.0,48.4,18756.0,0,75
475,2026-06-04T11:39:00.124793,53.107,53.107,13462,13462,26924,2.1539,50.5,0,,,,,,,,,,,,3.0,1337.0,42.0,48.6,18755.0,0,75
476,2026-06-04T11:39:00.238747,50.91,50.91,13496,13496,26992,2.1594,48.8,0,,,,,,,,,,,,3.0,1337.0,42.0,47.1,18756.0,0,75
477,2026-06-04T11:39:00.339352,50.925,50.925,13280,13280,26560,2.1248,51.5,0,,,,,,,,,,,,3.0,1337.0,42.0,51.9,18756.0,0,75
478,2026-06-04T11:39:00.438939,47.143,47.143,13481,13481,26962,2.157,52.9,0,,,,,,,,,,,,3.0,1337.0,42.0,46.5,18757.0,0,75
479,2026-06-04T11:39:00.539341,52.483,52.483,13483,13483,26966,2.1573,50.3,0,,,,,,,,,,,,3.0,1337.0,42.0,47.9,18756.0,0,75
480,2026-06-04T11:39:00.639853,53.029,53.029,13500,13500,27000,2.16,51.0,0,,,,,,,,,,,,3.0,1337.0,42.0,51.8,18754.0,0,75
481,2026-06-04T11:39:00.739366,55.093,55.093,13382,13382,26764,2.1411,52.7,0,,,,,,,,,,,,3.0,1337.0,42.0,50.4,18754.0,0,75
482,2026-06-04T11:39:00.853395,55.697,55.697,13604,13604,27208,2.1766,51.5,0,,,,,,,,,,,,3.0,1337.0,42.0,51.3,18753.0,0,75
483,2026-06-04T11:39:00.965250,53.046,53.046,13498,13498,26996,2.1597,50.8,0,,,,,,,,,,,,3.0,1337.0,42.0,52.2,18761.0,0,75
484,2026-06-04T11:39:01.075412,56.002,56.002,13528,13528,27056,2.1645,54.0,0,,,,,,,,,,,,3.0,1337.0,42.0,48.3,18757.0,0,75
485,2026-06-04T11:39:01.185505,52.491,52.491,13585,13585,27170,2.1736,51.1,0,,,,,,,,,,,,3.0,1337.0,42.0,52.1,18747.0,0,75
486,2026-06-04T11:39:01.288985,51.069,51.069,13502,13502,27004,2.1603,48.9,0,,,,,,,,,,,,3.0,1337.0,42.0,47.5,18749.0,0,75
487,2026-06-04T11:39:01.389107,48.182,48.182,13478,13478,26956,2.1565,50.1,0,,,,,,,,,,,,3.0,1337.0,42.0,52.1,18746.0,0,75
488,2026-06-04T11:39:01.498524,48.22,48.22,13593,13593,27186,2.1749,45.1,0,,,,,,,,,,,,3.0,1337.0,42.0,47.5,18748.0,0,75
489,2026-06-04T11:39:01.604570,51.811,51.811,13476,13476,26952,2.1562,48.2,0,,,,,,,,,,,,3.0,1337.0,42.0,48.2,18744.0,0,75
490,2026-06-04T11:39:01.716905,52.45,52.45,13565,13565,27130,2.1704,49.6,0,,,,,,,,,,,,3.0,1337.0,42.0,47.5,18747.0,0,75
491,2026-06-04T11:39:01.826406,55.296,55.296,13384,13384,26768,2.1414,52.6,0,,,,,,,,,,,,3.0,1337.0,42.0,47.9,18747.0,0,75
492,2026-06-04T11:39:01.938389,51.203,51.203,13491,13491,26982,2.1586,48.4,0,,,,,,,,,,,,3.0,1337.0,42.0,52.1,18749.0,0,75
493,2026-06-04T11:39:02.039010,56.614,56.614,13566,13566,27132,2.1706,53.1,0,,,,,,,,,,,,3.0,1337.0,42.0,48.3,18746.0,0,75
494,2026-06-04T11:39:02.155376,55.034,55.034,13524,13524,27048,2.1638,52.0,0,,,,,,,,,,,,3.0,1337.0,42.0,50.0,18749.0,0,75
495,2026-06-04T11:39:02.265432,45.673,45.673,13470,13470,26940,2.1552,50.2,0,,,,,,,,,,,,3.0,1337.0,42.0,47.5,18743.0,0,75
496,2026-06-04T11:39:02.360313,46.616,46.616,13581,13581,27162,2.173,51.3,0,,,,,,,,,,,,3.0,1337.0,42.0,47.1,18747.0,0,75
497,2026-06-04T11:39:02.456425,55.08,55.08,13485,13485,26970,2.1576,53.4,0,,,,,,,,,,,,3.0,1337.0,42.0,47.5,18748.0,0,75
498,2026-06-04T11:39:02.566917,45.921,45.921,13477,13477,26954,2.1563,48.5,0,,,,,,,,,,,,3.0,1337.0,42.0,47.9,18746.0,0,75
499,2026-06-04T11:39:02.662915,53.984,53.984,13576,13576,27152,2.1722,51.6,0,,,,,,,,,,,,3.0,1337.0,42.0,50.0,18747.0,0,75
500,2026-06-04T11:39:02.771506,46.863,46.863,13626,13626,27252,2.1802,43.5,0,,,,,,,,,,,,3.0,1337.0,42.0,47.9,18746.0,0,75
501,2026-06-04T11:39:02.883727,54.889,54.889,13334,13334,26668,2.1334,50.9,0,,,,,,,,,,,,3.0,1337.0,42.0,48.9,18748.0,0,75
502,2026-06-04T11:39:02.987926,56.221,56.221,13659,13659,27318,2.1854,52.5,0,,,,,,,,,,,,3.0,1337.0,42.0,47.9,18748.0,0,75
503,2026-06-04T11:39:03.101975,46.406,46.406,13639,13639,27278,2.1822,46.8,0,,,,,,,,,,,,3.0,1337.0,42.0,48.9,18748.0,0,75
504,2026-06-04T11:39:03.206025,52.729,52.729,13463,13463,26926,2.1541,52.2,0,,,,,,,,,,,,3.0,1337.0,42.0,47.1,18747.0,0,75
505,2026-06-04T11:39:03.305995,53.082,53.082,13640,13640,27280,2.1824,49.8,0,,,,,,,,,,,,3.0,1337.0,42.0,49.2,18740.0,0,75
506,2026-06-04T11:39:03.418495,48.705,48.705,13654,13654,27308,2.1846,46.4,0,,,,,,,,,,,,3.0,1337.0,42.0,53.9,18742.0,0,75
507,2026-06-04T11:39:03.520203,52.51,52.51,13422,13422,26844,2.1475,48.4,0,,,,,,,,,,,,3.0,1337.0,42.0,44.5,18745.0,0,75
508,2026-06-04T11:39:03.633286,48.275,48.275,13667,13667,27334,2.1867,50.5,0,,,,,,,,,,,,3.0,1337.0,42.0,47.1,18745.0,0,75
509,2026-06-04T11:39:03.727179,47.134,47.134,13637,13637,27274,2.1819,48.4,0,,,,,,,,,,,,3.0,1337.0,42.0,48.3,18747.0,0,75
510,2026-06-04T11:39:03.838625,47.62,47.62,13370,13370,26740,2.1392,50.6,0,,,,,,,,,,,,3.0,1337.0,42.0,55.1,18746.0,0,75
511,2026-06-04T11:39:03.933402,48.172,48.172,13279,13279,26558,2.1246,49.6,0,,,,,,,,,,,,3.0,1337.0,42.0,54.6,18746.0,0,75
512,2026-06-04T11:39:04.037537,48.795,48.795,13452,13452,26904,2.1523,49.4,0,,,,,,,,,,,,3.0,1337.0,42.0,45.2,18746.0,0,75
513,2026-06-04T11:39:04.148417,49.566,49.566,13437,13437,26874,2.1499,45.1,0,,,,,,,,,,,,3.0,1337.0,42.0,49.3,18747.0,0,75
514,2026-06-04T11:39:04.259063,53.128,53.128,13245,13245,26490,2.1192,51.1,0,,,,,,,,,,,,3.0,1337.0,42.0,47.9,18746.0,0,75
515,2026-06-04T11:39:04.369906,49.789,49.789,13464,13464,26928,2.1542,48.7,0,,,,,,,,,,,,3.0,1337.0,42.0,56.7,18748.0,0,75
516,2026-06-04T11:39:04.467540,53.251,53.251,13442,13442,26884,2.1507,49.7,0,,,,,,,,,,,,3.0,1337.0,42.0,48.0,18745.0,0,75
517,2026-06-04T11:39:04.571819,51.03,51.03,13157,13157,26314,2.1051,52.0,0,,,,,,,,,,,,3.0,1337.0,42.0,47.5,18744.0,0,75
518,2026-06-04T11:39:04.670774,52.515,52.515,13449,13449,26898,2.1518,49.0,0,,,,,,,,,,,,3.0,1337.0,42.0,49.3,18745.0,0,75
519,2026-06-04T11:39:04.783434,48.12,48.12,13435,13435,26870,2.1496,50.3,0,,,,,,,,,,,,3.0,1337.0,42.0,47.5,18745.0,0,75
520,2026-06-04T11:39:04.893570,55.761,55.761,13427,13427,26854,2.1483,52.4,0,,,,,,,,,,,,3.0,1337.0,42.0,50.0,18750.0,0,75
521,2026-06-04T11:39:05.004575,52.205,52.205,13380,13380,26760,2.1408,52.4,0,,,,,,,,,,,,3.0,1337.0,42.0,47.9,18749.0,0,75
522,2026-06-04T11:39:05.105236,49.558,49.558,13549,13549,27098,2.1678,50.9,0,,,,,,,,,,,,3.0,1337.0,42.0,49.6,18749.0,0,75
523,2026-06-04T11:39:05.203159,47.371,47.371,13406,13406,26812,2.145,48.1,0,,,,,,,,,,,,3.0,1337.0,42.0,47.9,18746.0,0,75
524,2026-06-04T11:39:05.315341,43.021,43.021,13511,13511,27022,2.1618,45.7,0,,,,,,,,,,,,3.0,1337.0,42.0,47.1,18747.0,0,75
525,2026-06-04T11:39:05.419233,47.321,47.321,13560,13560,27120,2.1696,50.1,0,,,,,,,,,,,,3.0,1337.0,42.0,53.9,18745.0,0,75
526,2026-06-04T11:39:05.524745,48.741,48.741,13427,13427,26854,2.1483,47.4,0,,,,,,,,,,,,3.0,1337.0,42.0,47.5,18745.0,0,75
527,2026-06-04T11:39:05.637020,47.311,47.311,13450,13450,26900,2.152,46.0,0,,,,,,,,,,,,3.0,1337.0,42.0,51.6,18746.0,0,75
528,2026-06-04T11:39:05.739306,47.671,47.671,13542,13542,27084,2.1667,47.1,0,,,,,,,,,,,,3.0,1337.0,42.0,49.2,18746.0,0,75
529,2026-06-04T11:39:05.852458,50.837,50.837,13422,13422,26844,2.1475,50.7,0,,,,,,,,,,,,3.0,1337.0,42.0,51.4,18746.0,0,75
530,2026-06-04T11:39:05.956032,49.073,49.073,13488,13488,26976,2.1581,44.7,0,,,,,,,,,,,,3.0,1337.0,42.0,50.7,18749.0,0,75
531,2026-06-04T11:39:06.067031,48.114,48.114,13340,13340,26680,2.1344,51.4,0,,,,,,,,,,,,3.0,1337.0,42.0,47.1,18748.0,0,75
532,2026-06-04T11:39:06.172697,48.12,48.12,13411,13411,26822,2.1458,50.2,0,,,,,,,,,,,,3.0,1337.0,42.0,49.6,18747.0,0,75
533,2026-06-04T11:39:06.267967,47.281,47.281,13519,13519,27038,2.163,49.2,0,,,,,,,,,,,,3.0,1337.0,42.0,47.5,18747.0,0,75
534,2026-06-04T11:39:06.363086,54.693,54.693,13444,13444,26888,2.151,54.4,0,,,,,,,,,,,,3.0,1337.0,42.0,47.5,18742.0,0,75
535,2026-06-04T11:39:06.474669,56.803,56.803,13405,13405,26810,2.1448,53.8,0,,,,,,,,,,,,3.0,1337.0,42.0,51.1,18741.0,0,75
536,2026-06-04T11:39:06.587330,52.645,52.645,13500,13500,27000,2.16,50.9,0,,,,,,,,,,,,3.0,1337.0,42.0,47.9,18744.0,0,75
537,2026-06-04T11:39:06.687608,47.605,47.605,13407,13407,26814,2.1451,53.0,0,,,,,,,,,,,,3.0,1337.0,42.0,52.5,18743.0,0,75
538,2026-06-04T11:39:06.782867,48.731,48.731,13429,13429,26858,2.1486,48.4,0,,,,,,,,,,,,3.0,1337.0,42.0,47.5,18741.0,0,75
539,2026-06-04T11:39:06.895609,50.379,50.379,13513,13513,27026,2.1621,48.1,0,,,,,,,,,,,,3.0,1337.0,42.0,52.9,18748.0,0,75
540,2026-06-04T11:39:07.005702,50.684,50.684,13428,13428,26856,2.1485,49.9,0,,,,,,,,,,,,3.0,1337.0,42.0,50.4,18746.0,0,75
541,2026-06-04T11:39:07.104694,54.753,54.753,13129,13129,26258,2.1006,50.7,0,,,,,,,,,,,,3.0,1337.0,42.0,48.6,18747.0,0,75
542,2026-06-04T11:39:07.206038,51.497,51.497,13456,13456,26912,2.153,49.3,0,,,,,,,,,,,,3.0,1337.0,42.0,47.5,18746.0,0,75
543,2026-06-04T11:39:07.320200,50.457,50.457,13414,13414,26828,2.1462,48.8,0,,,,,,,,,,,,3.0,1337.0,42.0,48.6,18745.0,0,75
544,2026-06-04T11:39:07.431637,52.879,52.879,13308,13308,26616,2.1293,51.4,0,,,,,,,,,,,,3.0,1337.0,42.0,52.1,18744.0,0,75
545,2026-06-04T11:39:07.541335,47.563,47.563,13478,13478,26956,2.1565,48.1,0,,,,,,,,,,,,3.0,1337.0,42.0,52.7,18744.0,0,75
546,2026-06-04T11:39:07.651535,55.861,55.861,13439,13439,26878,2.1502,52.4,0,,,,,,,,,,,,3.0,1337.0,42.0,51.1,18746.0,0,75
547,2026-06-04T11:39:07.755236,56.609,56.609,13266,13266,26532,2.1226,52.8,0,,,,,,,,,,,,3.0,1337.0,42.0,44.2,18745.0,0,75
548,2026-06-04T11:39:07.865670,56.966,56.966,13475,13475,26950,2.156,52.8,0,,,,,,,,,,,,3.0,1337.0,42.0,51.4,18744.0,0,75
549,2026-06-04T11:39:07.972337,50.87,50.87,13431,13431,26862,2.149,48.2,0,,,,,,,,,,,,3.0,1337.0,42.0,47.9,18747.0,0,75
550,2026-06-04T11:39:08.072812,55.527,55.527,13454,13454,26908,2.1526,52.7,0,,,,,,,,,,,,3.0,1337.0,42.0,47.5,18746.0,0,75
551,2026-06-04T11:39:08.173184,54.854,54.854,13341,13341,26682,2.1346,52.8,0,,,,,,,,,,,,3.0,1337.0,42.0,50.7,18746.0,0,75
552,2026-06-04T11:39:08.273335,51.491,51.491,13511,13511,27022,2.1618,50.6,0,,,,,,,,,,,,3.0,1337.0,42.0,47.1,18745.0,0,75
553,2026-06-04T11:39:08.388471,45.657,45.657,13481,13481,26962,2.157,53.6,0,,,,,,,,,,,,3.0,1337.0,42.0,51.0,18744.0,0,75
554,2026-06-04T11:39:08.481645,50.019,50.019,13458,13458,26916,2.1533,47.5,0,,,,,,,,,,,,3.0,1337.0,42.0,59.3,18744.0,0,75
555,2026-06-04T11:39:08.587790,48.077,48.077,13511,13511,27022,2.1618,52.1,0,,,,,,,,,,,,3.0,1337.0,42.0,51.2,18762.0,0,75
556,2026-06-04T11:39:08.683190,48.586,48.586,13486,13486,26972,2.1578,52.1,0,,,,,,,,,,,,3.0,1337.0,42.0,53.0,18746.0,0,75
557,2026-06-04T11:39:08.789255,48.093,48.093,13452,13452,26904,2.1523,47.1,0,,,,,,,,,,,,3.0,1337.0,42.0,47.6,18741.0,0,75
558,2026-06-04T11:39:08.902068,51.078,51.078,13509,13509,27018,2.1614,49.8,0,,,,,,,,,,,,3.0,1337.0,42.0,55.7,18747.0,0,75
559,2026-06-04T11:39:09.009192,49.64,49.64,13500,13500,27000,2.16,45.7,0,,,,,,,,,,,,3.0,1337.0,42.0,48.6,18744.0,0,75
560,2026-06-04T11:39:09.114272,51.251,51.251,13534,13534,27068,2.1654,48.0,0,,,,,,,,,,,,3.0,1337.0,42.0,49.3,18746.0,0,75
561,2026-06-04T11:39:09.217751,48.196,48.196,13313,13313,26626,2.1301,45.0,0,,,,,,,,,,,,3.0,1337.0,42.0,46.5,18744.0,0,75
562,2026-06-04T11:39:09.321301,53.369,53.369,13516,13516,27032,2.1626,49.5,0,,,,,,,,,,,,3.0,1337.0,42.0,47.5,18744.0,0,75
563,2026-06-04T11:39:09.422677,36.901,36.901,13543,13543,27086,2.1669,42.0,0,,,,,,,,,,,,3.0,1337.0,42.0,50.7,18743.0,0,75
564,2026-06-04T11:39:09.519278,50.839,50.839,13432,13432,26864,2.1491,49.5,0,,,,,,,,,,,,3.0,1337.0,42.0,46.7,18743.0,0,75
565,2026-06-04T11:39:09.628408,52.962,52.962,13515,13515,27030,2.1624,53.2,0,,,,,,,,,,,,3.0,1337.0,42.0,50.0,18762.0,0,75
566,2026-06-04T11:39:09.740311,52.125,52.125,13551,13551,27102,2.1682,53.9,0,,,,,,,,,,,,0.0,1337.0,44.0,48.6,18745.0,0,75
567,2026-06-04T11:39:09.839287,53.12,53.12,13387,13387,26774,2.1419,53.7,0,,,,,,,,,,,,0.0,1337.0,44.0,51.9,18742.0,0,75
568,2026-06-04T11:39:09.935438,52.935,52.935,13543,13543,27086,2.1669,51.5,0,,,,,,,,,,,,0.0,1337.0,44.0,50.4,18746.0,0,75
569,2026-06-04T11:39:10.035215,51.744,51.744,13572,13572,27144,2.1715,50.4,0,,,,,,,,,,,,0.0,1337.0,44.0,47.5,18746.0,0,75
570,2026-06-04T11:39:10.135867,51.769,51.769,13373,13373,26746,2.1397,48.9,0,,,,,,,,,,,,0.0,1337.0,44.0,52.2,18746.0,0,75
571,2026-06-04T11:39:10.250491,46.964,46.964,13211,13211,26422,2.1138,53.3,0,,,,,,,,,,,,0.0,1337.0,44.0,45.6,18743.0,0,75
572,2026-06-04T11:39:10.356456,47.822,47.822,13469,13469,26938,2.155,48.5,0,,,,,,,,,,,,0.0,1337.0,44.0,49.3,18742.0,0,75
573,2026-06-04T11:39:10.457309,51.63,51.63,13367,13367,26734,2.1387,52.5,0,,,,,,,,,,,,0.0,1337.0,44.0,48.4,18741.0,0,75
574,2026-06-04T11:39:10.556750,51.936,51.936,13401,13401,26802,2.1442,51.2,0,,,,,,,,,,,,0.0,1337.0,44.0,48.3,18741.0,0,75
575,2026-06-04T11:39:10.665732,55.799,55.799,13488,13488,26976,2.1581,51.3,0,,,,,,,,,,,,0.0,1337.0,44.0,52.1,18740.0,0,75
576,2026-06-04T11:39:10.771201,52.719,52.719,13388,13388,26776,2.1421,52.9,0,,,,,,,,,,,,0.0,1337.0,44.0,51.9,18743.0,0,75
577,2026-06-04T11:39:10.884042,53.73,53.73,13303,13303,26606,2.1285,50.9,0,,,,,,,,,,,,0.0,1337.0,44.0,52.1,18745.0,0,75
578,2026-06-04T11:39:10.987265,47.98,47.98,13483,13483,26966,2.1573,49.6,0,,,,,,,,,,,,0.0,1337.0,44.0,48.6,18746.0,0,75
579,2026-06-04T11:39:11.082245,53.713,53.713,13386,13386,26772,2.1418,50.0,0,,,,,,,,,,,,0.0,1337.0,44.0,47.5,18746.0,0,75
580,2026-06-04T11:39:11.193405,51.779,51.779,13548,13548,27096,2.1677,48.1,0,,,,,,,,,,,,0.0,1337.0,44.0,47.5,18745.0,0,75
581,2026-06-04T11:39:11.305115,50.416,50.416,13400,13400,26800,2.144,48.9,0,,,,,,,,,,,,0.0,1337.0,44.0,47.1,18746.0,0,75
582,2026-06-04T11:39:11.406462,50.344,50.344,13477,13477,26954,2.1563,49.1,0,,,,,,,,,,,,0.0,1337.0,44.0,51.4,18743.0,0,75
583,2026-06-04T11:39:11.504851,52.102,52.102,13575,13575,27150,2.172,49.6,0,,,,,,,,,,,,0.0,1337.0,44.0,46.3,18743.0,0,75
584,2026-06-04T11:39:11.605980,56.047,56.047,13520,13520,27040,2.1632,53.2,0,,,,,,,,,,,,0.0,1337.0,44.0,47.9,18743.0,0,75
585,2026-06-04T11:39:11.717189,54.125,54.125,13483,13483,26966,2.1573,51.1,0,,,,,,,,,,,,0.0,1337.0,44.0,47.1,18742.0,0,75
586,2026-06-04T11:39:11.828862,54.27,54.27,13579,13579,27158,2.1726,52.9,0,,,,,,,,,,,,0.0,1337.0,44.0,48.6,18745.0,0,75
587,2026-06-04T11:39:11.940650,48.508,48.508,13493,13493,26986,2.1589,47.1,0,,,,,,,,,,,,0.0,1337.0,44.0,49.3,18748.0,0,75
588,2026-06-04T11:39:12.050569,38.213,38.213,13477,13477,26954,2.1563,42.5,0,,,,,,,,,,,,0.0,1337.0,44.0,47.1,18746.0,0,75
589,2026-06-04T11:39:12.146137,54.821,54.821,13590,13590,27180,2.1744,50.6,0,,,,,,,,,,,,0.0,1337.0,44.0,48.8,18743.0,0,75
590,2026-06-04T11:39:12.255147,46.146,46.146,13557,13557,27114,2.1691,46.5,0,,,,,,,,,,,,0.0,1337.0,44.0,48.6,18745.0,0,75
591,2026-06-04T11:39:12.363964,54.708,54.708,13249,13249,26498,2.1198,51.9,0,,,,,,,,,,,,0.0,1337.0,44.0,47.1,18744.0,0,75
592,2026-06-04T11:39:12.473418,48.772,48.772,13592,13592,27184,2.1747,47.8,0,,,,,,,,,,,,0.0,1337.0,44.0,47.9,18744.0,0,75
593,2026-06-04T11:39:12.586429,52.978,52.978,13587,13587,27174,2.1739,53.6,0,,,,,,,,,,,,0.0,1337.0,44.0,48.6,18742.0,0,75
594,2026-06-04T11:39:12.688003,46.004,46.004,13368,13368,26736,2.1389,53.9,0,,,,,,,,,,,,0.0,1337.0,44.0,52.1,18741.0,0,75
595,2026-06-04T11:39:12.781940,51.811,51.811,13596,13596,27192,2.1754,49.7,0,,,,,,,,,,,,0.0,1337.0,44.0,47.5,18741.0,0,75
596,2026-06-04T11:39:12.888406,51.096,51.096,13567,13567,27134,2.1707,47.4,0,,,,,,,,,,,,0.0,1337.0,43.0,57.1,18748.0,0,75
597,2026-06-04T11:39:13.002053,54.218,54.218,13345,13345,26690,2.1352,54.1,0,,,,,,,,,,,,0.0,1337.0,43.0,47.1,18747.0,0,75
598,2026-06-04T11:39:13.103650,50.553,50.553,13592,13592,27184,2.1747,50.3,0,,,,,,,,,,,,0.0,1337.0,43.0,48.3,18744.0,0,75
599,2026-06-04T11:39:13.202667,50.501,50.501,13592,13592,27184,2.1747,47.7,0,,,,,,,,,,,,0.0,1337.0,43.0,48.9,18743.0,0,75
600,2026-06-04T11:39:13.307018,49.782,49.782,13413,13413,26826,2.1461,53.3,0,,,,,,,,,,,,0.0,1337.0,43.0,47.5,18744.0,0,75
601,2026-06-04T11:39:13.403430,52.76,52.76,13393,13393,26786,2.1429,53.4,0,,,,,,,,,,,,0.0,1337.0,43.0,59.5,18741.0,0,75
602,2026-06-04T11:39:13.514648,50.894,50.894,13563,13563,27126,2.1701,49.7,0,,,,,,,,,,,,0.0,1337.0,43.0,47.1,18742.0,0,75
603,2026-06-04T11:39:13.620806,49.121,49.121,13436,13436,26872,2.1498,49.2,0,,,,,,,,,,,,0.0,1337.0,43.0,52.2,18741.0,0,75
604,2026-06-04T11:39:13.722651,47.142,47.142,13531,13531,27062,2.165,52.2,0,,,,,,,,,,,,0.0,1337.0,43.0,44.9,18740.0,0,75
605,2026-06-04T11:39:13.822043,58.188,58.188,13586,13586,27172,2.1738,54.4,0,,,,,,,,,,,,0.0,1337.0,43.0,47.5,18739.0,0,75
606,2026-06-04T11:39:13.933029,53.809,53.809,13430,13430,26860,2.1488,50.7,0,,,,,,,,,,,,3.0,1337.0,43.0,56.9,18734.0,0,75
607,2026-06-04T11:39:14.045040,44.341,44.341,13468,13468,26936,2.1549,50.5,0,,,,,,,,,,,,3.0,1337.0,43.0,47.6,18733.0,0,75
608,2026-06-04T11:39:14.137059,52.594,52.594,13578,13578,27156,2.1725,50.6,0,,,,,,,,,,,,3.0,1337.0,43.0,51.7,18743.0,0,75
609,2026-06-04T11:39:14.249041,47.797,47.797,13428,13428,26856,2.1485,51.8,0,,,,,,,,,,,,3.0,1337.0,43.0,49.7,18745.0,0,75
610,2026-06-04T11:39:14.344342,56.645,56.645,13444,13444,26888,2.151,53.2,0,,,,,,,,,,,,3.0,1337.0,43.0,47.5,18746.0,0,75
611,2026-06-04T11:39:14.454650,53.463,53.463,13209,13209,26418,2.1134,53.3,0,,,,,,,,,,,,3.0,1337.0,43.0,47.1,18746.0,0,75
612,2026-06-04T11:39:14.565766,55.451,55.451,13330,13330,26660,2.1328,53.0,0,,,,,,,,,,,,3.0,1337.0,43.0,48.6,18746.0,0,75
613,2026-06-04T11:39:14.670151,52.627,52.627,13432,13432,26864,2.1491,52.8,0,,,,,,,,,,,,3.0,1337.0,43.0,57.4,18742.0,0,75
614,2026-06-04T11:39:14.780920,50.629,50.629,13376,13376,26752,2.1402,50.6,0,,,,,,,,,,,,3.0,1337.0,43.0,52.1,18744.0,0,75
615,2026-06-04T11:39:14.889288,54.401,54.401,13358,13358,26716,2.1373,51.7,0,,,,,,,,,,,,3.0,1337.0,43.0,48.6,18747.0,0,75
616,2026-06-04T11:39:15.001444,50.641,50.641,13459,13459,26918,2.1534,49.4,0,,,,,,,,,,,,3.0,1337.0,43.0,48.6,18736.0,0,75
617,2026-06-04T11:39:15.109754,46.053,46.053,13297,13297,26594,2.1275,43.3,0,,,,,,,,,,,,3.0,1337.0,43.0,47.1,18736.0,0,75
618,2026-06-04T11:39:15.219249,46.982,46.982,13374,13374,26748,2.1398,47.5,0,,,,,,,,,,,,3.0,1337.0,43.0,47.1,18737.0,0,75
619,2026-06-04T11:39:15.328613,56.605,56.605,13457,13457,26914,2.1531,52.5,0,,,,,,,,,,,,3.0,1337.0,43.0,47.1,18739.0,0,75
620,2026-06-04T11:39:15.439875,45.24,45.24,13573,13573,27146,2.1717,43.3,0,,,,,,,,,,,,3.0,1337.0,43.0,48.2,18742.0,0,75
621,2026-06-04T11:39:15.539294,48.021,48.021,13302,13302,26604,2.1283,47.1,0,,,,,,,,,,,,3.0,1337.0,43.0,47.5,18742.0,0,75
622,2026-06-04T11:39:15.651061,52.129,52.129,13595,13595,27190,2.1752,49.4,0,,,,,,,,,,,,3.0,1337.0,43.0,51.1,18743.0,0,75
623,2026-06-04T11:39:15.755138,47.659,47.659,13562,13562,27124,2.1699,50.1,0,,,,,,,,,,,,3.0,1337.0,43.0,47.9,18744.0,0,75
624,2026-06-04T11:39:15.850557,52.416,52.416,13453,13453,26906,2.1525,53.5,0,,,,,,,,,,,,3.0,1337.0,43.0,48.3,18745.0,0,75
625,2026-06-04T11:39:15.960451,54.871,54.871,13596,13596,27192,2.1754,52.0,0,,,,,,,,,,,,3.0,1337.0,43.0,50.0,18747.0,0,75
626,2026-06-04T11:39:16.071610,53.057,53.057,13579,13579,27158,2.1726,50.0,0,,,,,,,,,,,,3.0,1337.0,43.0,51.4,18738.0,0,75
627,2026-06-04T11:39:16.182812,48.692,48.692,13408,13408,26816,2.1453,45.7,0,,,,,,,,,,,,3.0,1337.0,43.0,51.6,18737.0,0,75
628,2026-06-04T11:39:16.286006,47.608,47.608,13607,13607,27214,2.1771,45.6,0,,,,,,,,,,,,3.0,1337.0,43.0,44.9,18740.0,0,75
629,2026-06-04T11:39:16.389917,47.697,47.697,13575,13575,27150,2.172,46.5,0,,,,,,,,,,,,3.0,1337.0,43.0,48.9,18746.0,0,75
630,2026-06-04T11:39:16.489845,57.453,57.453,13468,13468,26936,2.1549,54.4,0,,,,,,,,,,,,3.0,1337.0,43.0,47.5,18745.0,0,75
631,2026-06-04T11:39:16.599522,57.878,57.878,13392,13392,26784,2.1427,54.0,0,,,,,,,,,,,,3.0,1337.0,43.0,48.6,18743.0,0,75
632,2026-06-04T11:39:16.706621,46.767,46.767,13541,13541,27082,2.1666,53.0,0,,,,,,,,,,,,3.0,1337.0,43.0,49.3,18744.0,0,75
633,2026-06-04T11:39:16.800232,55.719,55.719,13504,13504,27008,2.1606,51.7,0,,,,,,,,,,,,3.0,1337.0,43.0,48.8,18743.0,0,75
634,2026-06-04T11:39:16.911823,55.153,55.153,13529,13529,27058,2.1646,51.2,0,,,,,,,,,,,,3.0,1337.0,43.0,52.1,18748.0,0,75
635,2026-06-04T11:39:17.021381,56.109,56.109,13531,13531,27062,2.165,52.1,0,,,,,,,,,,,,3.0,1337.0,43.0,50.0,18748.0,0,75
636,2026-06-04T11:39:17.132154,49.359,49.359,13514,13514,27028,2.1622,49.4,0,,,,,,,,,,,,3.0,1337.0,43.0,52.1,18739.0,0,75
637,2026-06-04T11:39:17.234943,56.246,56.246,13490,13490,26980,2.1584,53.6,0,,,,,,,,,,,,3.0,1337.0,43.0,51.8,18751.0,0,75
638,2026-06-04T11:39:17.336986,51.399,51.399,13542,13542,27084,2.1667,47.9,0,,,,,,,,,,,,3.0,1337.0,43.0,50.4,18750.0,0,75
639,2026-06-04T11:39:17.451376,48.43,48.43,13516,13516,27032,2.1626,49.8,0,,,,,,,,,,,,3.0,1337.0,43.0,48.1,18750.0,0,75
640,2026-06-04T11:39:17.547580,50.025,50.025,13522,13522,27044,2.1635,47.4,0,,,,,,,,,,,,3.0,1337.0,43.0,47.5,18749.0,0,75
641,2026-06-04T11:39:17.655990,46.233,46.233,13262,13262,26524,2.1219,44.2,0,,,,,,,,,,,,3.0,1337.0,43.0,47.9,18748.0,0,75
642,2026-06-04T11:39:17.755979,50.277,50.277,13500,13500,27000,2.16,48.6,0,,,,,,,,,,,,3.0,1337.0,43.0,47.5,18747.0,0,75
643,2026-06-04T11:39:17.869673,53.104,53.104,13519,13519,27038,2.163,48.9,0,,,,,,,,,,,,3.0,1337.0,43.0,49.7,18754.0,0,75
644,2026-06-04T11:39:17.970051,55.447,55.447,13401,13401,26802,2.1442,52.6,0,,,,,,,,,,,,3.0,1337.0,43.0,49.2,18751.0,0,75
645,2026-06-04T11:39:18.081264,56.283,56.283,13503,13503,27006,2.1605,52.2,0,,,,,,,,,,,,3.0,1337.0,43.0,47.1,18751.0,0,75
646,2026-06-04T11:39:18.187080,48.119,48.119,13551,13551,27102,2.1682,51.3,0,,,,,,,,,,,,0.0,1372.0,44.0,49.3,18744.0,0,75
647,2026-06-04T11:39:18.282920,49.957,49.957,13358,13358,26716,2.1373,47.0,0,,,,,,,,,,,,0.0,1372.0,44.0,47.5,18746.0,0,75
648,2026-06-04T11:39:18.386730,47.716,47.716,13522,13522,27044,2.1635,49.5,0,,,,,,,,,,,,0.0,1372.0,44.0,50.7,18751.0,0,75
649,2026-06-04T11:39:18.482109,55.851,55.851,13539,13539,27078,2.1662,52.0,0,,,,,,,,,,,,0.0,1372.0,44.0,49.2,18751.0,0,75
650,2026-06-04T11:39:18.589299,51.429,51.429,13519,13519,27038,2.163,52.1,0,,,,,,,,,,,,0.0,1372.0,44.0,53.0,18751.0,0,75
651,2026-06-04T11:39:18.699572,49.664,49.664,13387,13387,26774,2.1419,48.3,0,,,,,,,,,,,,0.0,1372.0,44.0,47.6,18751.0,0,75
652,2026-06-04T11:39:18.809782,46.18,46.18,13638,13638,27276,2.1821,46.4,0,,,,,,,,,,,,0.0,1372.0,44.0,52.1,18749.0,0,75
653,2026-06-04T11:39:18.921318,45.683,45.683,13534,13534,27068,2.1654,50.2,0,,,,,,,,,,,,0.0,1372.0,44.0,51.8,18754.0,0,75
654,2026-06-04T11:39:19.014727,52.583,52.583,13520,13520,27040,2.1632,50.2,0,,,,,,,,,,,,0.0,1372.0,44.0,47.5,18753.0,0,75
655,2026-06-04T11:39:19.125324,53.94,53.94,13627,13627,27254,2.1803,50.5,0,,,,,,,,,,,,0.0,1372.0,44.0,47.1,18753.0,0,75
656,2026-06-04T11:39:19.236436,53.778,53.778,13524,13524,27048,2.1638,51.7,0,,,,,,,,,,,,0.0,1372.0,45.0,47.9,18742.0,0,75
657,2026-06-04T11:39:19.338854,50.064,50.064,13500,13500,27000,2.16,47.4,0,,,,,,,,,,,,0.0,1372.0,45.0,51.9,18746.0,0,75
658,2026-06-04T11:39:19.453438,50.135,50.135,13649,13649,27298,2.1838,49.2,0,,,,,,,,,,,,0.0,1372.0,45.0,44.9,18748.0,0,75
659,2026-06-04T11:39:19.568883,42.212,42.212,13518,13518,27036,2.1629,47.0,0,,,,,,,,,,,,0.0,1372.0,45.0,47.1,18750.0,0,75
660,2026-06-04T11:39:19.672028,48.389,48.389,13584,13584,27168,2.1734,51.2,0,,,,,,,,,,,,0.0,1372.0,45.0,49.3,18751.0,0,75
661,2026-06-04T11:39:19.769294,51.187,51.187,13432,13432,26864,2.1491,48.5,0,,,,,,,,,,,,0.0,1372.0,45.0,47.5,18750.0,0,75
662,2026-06-04T11:39:19.878002,53.294,53.294,13520,13520,27040,2.1632,52.9,0,,,,,,,,,,,,0.0,1372.0,45.0,50.0,18751.0,0,75
663,2026-06-04T11:39:19.976931,43.722,43.722,13597,13597,27194,2.1755,47.3,0,,,,,,,,,,,,0.0,1372.0,45.0,51.2,18751.0,0,75
664,2026-06-04T11:39:20.084008,48.072,48.072,13568,13568,27136,2.1709,46.3,0,,,,,,,,,,,,0.0,1372.0,45.0,48.2,18752.0,0,75
665,2026-06-04T11:39:20.189101,54.364,54.364,13525,13525,27050,2.164,51.9,0,,,,,,,,,,,,0.0,1372.0,45.0,47.1,18751.0,0,75
666,2026-06-04T11:39:20.298661,57.567,57.567,13611,13611,27222,2.1778,53.1,0,,,,,,,,,,,,0.0,1360.0,45.0,49.3,18745.0,0,75
667,2026-06-04T11:39:20.405672,49.386,49.386,13529,13529,27058,2.1646,53.5,0,,,,,,,,,,,,0.0,1360.0,45.0,49.3,18751.0,0,75
668,2026-06-04T11:39:20.502538,53.596,53.596,13526,13526,27052,2.1642,52.5,0,,,,,,,,,,,,0.0,1360.0,45.0,47.5,18752.0,0,75
669,2026-06-04T11:39:20.605623,51.061,51.061,13613,13613,27226,2.1781,50.8,0,,,,,,,,,,,,0.0,1360.0,45.0,49.3,18752.0,0,75
670,2026-06-04T11:39:20.716257,50.585,50.585,13520,13520,27040,2.1632,48.8,0,,,,,,,,,,,,0.0,1360.0,45.0,51.9,18751.0,0,75
671,2026-06-04T11:39:20.821616,47.625,47.625,13184,13184,26368,2.1094,46.0,0,,,,,,,,,,,,0.0,1360.0,45.0,48.0,18749.0,0,75
672,2026-06-04T11:39:20.924284,57.277,57.277,13551,13551,27102,2.1682,54.2,0,,,,,,,,,,,,0.0,1360.0,45.0,53.2,18753.0,0,75
673,2026-06-04T11:39:21.035854,53.021,53.021,13529,13529,27058,2.1646,49.8,0,,,,,,,,,,,,0.0,1360.0,45.0,48.6,18752.0,0,75
674,2026-06-04T11:39:21.139311,46.97,46.97,13349,13349,26698,2.1358,45.8,0,,,,,,,,,,,,0.0,1360.0,45.0,47.9,18753.0,0,75
675,2026-06-04T11:39:21.248627,52.844,52.844,13531,13531,27062,2.165,48.7,0,,,,,,,,,,,,0.0,1360.0,45.0,47.1,18751.0,0,75
676,2026-06-04T11:39:21.350723,54.281,54.281,13544,13544,27088,2.167,50.8,0,,,,,,,,,,,,0.0,1352.0,44.0,50.8,18746.0,0,75
677,2026-06-04T11:39:21.461164,48.588,48.588,13261,13261,26522,2.1218,53.3,0,,,,,,,,,,,,0.0,1352.0,44.0,48.6,18750.0,0,75
678,2026-06-04T11:39:21.552985,47.973,47.973,13560,13560,27120,2.1696,51.0,0,,,,,,,,,,,,0.0,1352.0,44.0,48.3,18752.0,0,75
679,2026-06-04T11:39:21.656001,51.518,51.518,13547,13547,27094,2.1675,49.3,0,,,,,,,,,,,,0.0,1352.0,44.0,48.6,18750.0,0,75
680,2026-06-04T11:39:21.756020,47.482,47.482,13472,13472,26944,2.1555,47.2,0,,,,,,,,,,,,0.0,1352.0,44.0,47.5,18749.0,0,75
681,2026-06-04T11:39:21.867987,56.401,56.401,13446,13446,26892,2.1514,52.9,0,,,,,,,,,,,,0.0,1352.0,44.0,47.5,18750.0,0,75
682,2026-06-04T11:39:21.969613,52.634,52.634,13659,13659,27318,2.1854,51.4,0,,,,,,,,,,,,0.0,1352.0,44.0,53.2,18754.0,0,75
683,2026-06-04T11:39:22.069685,47.647,47.647,13491,13491,26982,2.1586,51.3,0,,,,,,,,,,,,0.0,1352.0,44.0,47.5,18753.0,0,75
684,2026-06-04T11:39:22.171819,53.63,53.63,13588,13588,27176,2.1741,50.3,0,,,,,,,,,,,,0.0,1352.0,44.0,49.3,18752.0,0,75
685,2026-06-04T11:39:22.281947,49.593,49.593,13665,13665,27330,2.1864,49.7,0,,,,,,,,,,,,0.0,1352.0,44.0,47.1,18752.0,0,75
686,2026-06-04T11:39:22.393640,47.488,47.488,13499,13499,26998,2.1598,44.0,0,,,,,,,,,,,,0.0,1352.0,44.0,51.4,18763.0,0,75
687,2026-06-04T11:39:22.506010,49.793,49.793,13543,13543,27086,2.1669,48.7,0,,,,,,,,,,,,0.0,1350.0,44.0,47.1,18751.0,0,75
688,2026-06-04T11:39:22.606017,50.136,50.136,13650,13650,27300,2.184,53.2,0,,,,,,,,,,,,0.0,1350.0,44.0,49.3,18751.0,0,75
689,2026-06-04T11:39:22.703590,45.266,45.266,13496,13496,26992,2.1594,50.6,0,,,,,,,,,,,,0.0,1350.0,44.0,47.5,18753.0,0,75
690,2026-06-04T11:39:22.796174,45.436,45.436,13634,13634,27268,2.1814,52.7,0,,,,,,,,,,,,0.0,1350.0,44.0,50.8,18752.0,0,75
691,2026-06-04T11:39:22.889292,51.885,51.885,13447,13447,26894,2.1515,50.6,0,,,,,,,,,,,,0.0,1350.0,44.0,50.8,18756.0,0,75
692,2026-06-04T11:39:23.002338,47.694,47.694,13539,13539,27078,2.1662,50.3,0,,,,,,,,,,,,0.0,1350.0,44.0,48.6,18753.0,0,75
693,2026-06-04T11:39:23.104593,50.125,50.125,13630,13630,27260,2.1808,47.6,0,,,,,,,,,,,,0.0,1350.0,44.0,49.3,18750.0,0,75
694,2026-06-04T11:39:23.218824,56.154,56.154,13576,13576,27152,2.1722,52.2,0,,,,,,,,,,,,0.0,1350.0,44.0,47.9,18750.0,0,75
695,2026-06-04T11:39:23.324239,50.715,50.715,13530,13530,27060,2.1648,48.8,0,,,,,,,,,,,,0.0,1350.0,44.0,50.0,18749.0,0,75
696,2026-06-04T11:39:23.422708,52.429,52.429,13634,13634,27268,2.1814,52.9,0,,,,,,,,,,,,0.0,1350.0,44.0,54.3,18751.0,0,75
697,2026-06-04T11:39:23.519679,54.723,54.723,13542,13542,27084,2.1667,52.4,0,,,,,,,,,,,,3.0,1350.0,44.0,48.3,18751.0,0,75
698,2026-06-04T11:39:23.622663,52.324,52.324,13558,13558,27116,2.1693,52.6,0,,,,,,,,,,,,3.0,1350.0,44.0,48.2,18750.0,0,75
699,2026-06-04T11:39:23.733696,55.948,55.948,13637,13637,27274,2.1819,53.7,0,,,,,,,,,,,,3.0,1350.0,44.0,47.1,18749.0,0,75
700,2026-06-04T11:39:23.841435,48.209,48.209,13509,13509,27018,2.1614,48.2,0,,,,,,,,,,,,3.0,1350.0,44.0,49.6,18749.0,0,75
701,2026-06-04T11:39:23.939318,54.862,54.862,13257,13257,26514,2.1211,52.4,0,,,,,,,,,,,,3.0,1350.0,44.0,47.6,18751.0,0,75
702,2026-06-04T11:39:24.052634,45.763,45.763,13565,13565,27130,2.1704,47.8,0,,,,,,,,,,,,3.0,1350.0,44.0,50.0,18751.0,0,75
703,2026-06-04T11:39:24.156006,50.772,50.772,13505,13505,27010,2.1608,47.5,0,,,,,,,,,,,,3.0,1350.0,44.0,47.9,18750.0,0,75
704,2026-06-04T11:39:24.267281,40.26,40.26,13397,13397,26794,2.1435,45.2,0,,,,,,,,,,,,3.0,1350.0,44.0,47.1,18750.0,0,75
705,2026-06-04T11:39:24.368763,49.038,49.038,13537,13537,27074,2.1659,47.8,0,,,,,,,,,,,,3.0,1350.0,44.0,47.5,18749.0,0,75
706,2026-06-04T11:39:24.481396,52.543,52.543,13510,13510,27020,2.1616,53.5,0,,,,,,,,,,,,3.0,1350.0,44.0,51.3,18750.0,0,75
707,2026-06-04T11:39:24.591431,48.435,48.435,13371,13371,26742,2.1394,49.0,0,,,,,,,,,,,,3.0,1349.0,44.0,50.0,18747.0,0,75
708,2026-06-04T11:39:24.688213,51.65,51.65,13565,13565,27130,2.1704,48.7,0,,,,,,,,,,,,3.0,1349.0,44.0,48.8,18751.0,0,75
709,2026-06-04T11:39:24.787689,52.667,52.667,13497,13497,26994,2.1595,51.1,0,,,,,,,,,,,,3.0,1349.0,44.0,47.5,18750.0,0,75
710,2026-06-04T11:39:24.891294,39.958,39.958,13306,13306,26612,2.129,42.0,0,,,,,,,,,,,,3.0,1349.0,44.0,48.6,18754.0,0,75
711,2026-06-04T11:39:25.000146,49.036,49.036,13150,13150,26300,2.104,45.6,0,,,,,,,,,,,,3.0,1349.0,44.0,48.6,18752.0,0,75
712,2026-06-04T11:39:25.102770,45.962,45.962,13377,13377,26754,2.1403,50.6,0,,,,,,,,,,,,3.0,1349.0,44.0,47.5,18752.0,0,75
713,2026-06-04T11:39:25.206553,43.546,43.546,13294,13294,26588,2.127,41.4,0,,,,,,,,,,,,3.0,1349.0,44.0,48.2,18751.0,0,75
714,2026-06-04T11:39:25.306504,47.645,47.645,13334,13334,26668,2.1334,48.2,0,,,,,,,,,,,,3.0,1349.0,44.0,47.5,18751.0,0,75
715,2026-06-04T11:39:25.417749,47.223,47.223,13365,13365,26730,2.1384,43.7,0,,,,,,,,,,,,3.0,1349.0,44.0,51.3,18749.0,0,75
716,2026-06-04T11:39:25.524729,48.975,48.975,13336,13336,26672,2.1338,52.2,0,,,,,,,,,,,,3.0,1349.0,44.0,46.0,18748.0,0,75
717,2026-06-04T11:39:25.618302,36.835,36.835,13241,13241,26482,2.1186,47.3,0,,,,,,,,,,,,3.0,1349.0,43.0,51.7,18749.0,0,75
718,2026-06-04T11:39:25.707313,49.806,49.806,13374,13374,26748,2.1398,47.7,0,,,,,,,,,,,,3.0,1349.0,43.0,50.0,18749.0,0,75
719,2026-06-04T11:39:25.818446,54.952,54.952,13326,13326,26652,2.1322,52.4,0,,,,,,,,,,,,3.0,1349.0,43.0,47.1,18747.0,0,75
720,2026-06-04T11:39:25.924201,48.951,48.951,13548,13548,27096,2.1677,49.3,0,,,,,,,,,,,,3.0,1349.0,43.0,51.4,18752.0,0,75
721,2026-06-04T11:39:26.034599,47.525,47.525,13308,13308,26616,2.1293,51.3,0,,,,,,,,,,,,3.0,1349.0,43.0,50.7,18751.0,0,75
722,2026-06-04T11:39:26.139806,55.081,55.081,13501,13501,27002,2.1602,52.5,0,,,,,,,,,,,,3.0,1349.0,43.0,49.3,18748.0,0,75
723,2026-06-04T11:39:26.252522,53.434,53.434,13528,13528,27056,2.1645,51.5,0,,,,,,,,,,,,3.0,1349.0,43.0,48.2,18749.0,0,75
724,2026-06-04T11:39:26.352285,51.776,51.776,13436,13436,26872,2.1498,48.7,0,,,,,,,,,,,,3.0,1349.0,43.0,47.5,18749.0,0,75
725,2026-06-04T11:39:26.455262,46.78,46.78,13497,13497,26994,2.1595,44.4,0,,,,,,,,,,,,3.0,1349.0,43.0,47.9,18748.0,0,75
726,2026-06-04T11:39:26.566414,53.712,53.712,13557,13557,27114,2.1691,54.0,0,,,,,,,,,,,,3.0,1349.0,43.0,47.1,18747.0,0,75
727,2026-06-04T11:39:26.667954,54.572,54.572,13393,13393,26786,2.1429,52.0,0,,,,,,,,,,,,3.0,1349.0,43.0,55.5,18750.0,0,75
728,2026-06-04T11:39:26.778275,53.362,53.362,13526,13526,27052,2.1642,52.4,0,,,,,,,,,,,,3.0,1349.0,43.0,51.4,18750.0,0,75
729,2026-06-04T11:39:26.885516,53.517,53.517,13553,13553,27106,2.1685,50.7,0,,,,,,,,,,,,3.0,1349.0,43.0,52.2,18753.0,0,75
730,2026-06-04T11:39:26.989324,49.807,49.807,13457,13457,26914,2.1531,52.8,0,,,,,,,,,,,,3.0,1349.0,43.0,49.2,18750.0,0,75
731,2026-06-04T11:39:27.085470,51.407,51.407,13317,13317,26634,2.1307,47.8,0,,,,,,,,,,,,3.0,1349.0,43.0,48.3,18750.0,0,75
732,2026-06-04T11:39:27.195608,47.34,47.34,13550,13550,27100,2.168,50.9,0,,,,,,,,,,,,3.0,1349.0,43.0,47.9,18750.0,0,75
733,2026-06-04T11:39:27.289852,49.515,49.515,13456,13456,26912,2.153,50.7,0,,,,,,,,,,,,3.0,1349.0,43.0,48.8,18750.0,0,75
734,2026-06-04T11:39:27.386508,53.467,53.467,13450,13450,26900,2.152,49.9,0,,,,,,,,,,,,3.0,1349.0,43.0,55.3,18749.0,0,75
735,2026-06-04T11:39:27.501054,52.46,52.46,13535,13535,27070,2.1656,51.4,0,,,,,,,,,,,,3.0,1349.0,43.0,44.6,18748.0,0,75
736,2026-06-04T11:39:27.602969,46.002,46.002,13457,13457,26914,2.1531,45.7,0,,,,,,,,,,,,3.0,1349.0,43.0,47.9,18748.0,0,75
737,2026-06-04T11:39:27.705993,48.193,48.193,13412,13412,26824,2.1459,49.4,0,,,,,,,,,,,,3.0,1349.0,43.0,50.7,18766.0,0,75
738,2026-06-04T11:39:27.816963,51.943,51.943,13560,13560,27120,2.1696,49.2,0,,,,,,,,,,,,3.0,1349.0,43.0,47.2,18749.0,0,75
739,2026-06-04T11:39:27.922657,48.976,48.976,13448,13448,26896,2.1517,48.6,0,,,,,,,,,,,,3.0,1349.0,43.0,53.2,18749.0,0,75
740,2026-06-04T11:39:28.035020,47.063,47.063,13465,13465,26930,2.1544,48.1,0,,,,,,,,,,,,3.0,1349.0,43.0,49.6,18747.0,0,75
741,2026-06-04T11:39:28.140455,54.931,54.931,13271,13271,26542,2.1234,53.5,0,,,,,,,,,,,,3.0,1349.0,43.0,47.9,18748.0,0,75
742,2026-06-04T11:39:28.239341,50.226,50.226,13403,13403,26806,2.1445,49.2,0,,,,,,,,,,,,3.0,1349.0,43.0,47.5,18748.0,0,75
743,2026-06-04T11:39:28.339286,50.541,50.541,13443,13443,26886,2.1509,51.3,0,,,,,,,,,,,,3.0,1349.0,43.0,47.9,18747.0,0,75
744,2026-06-04T11:39:28.440886,46.106,46.106,13410,13410,26820,2.1456,49.1,0,,,,,,,,,,,,3.0,1349.0,43.0,48.6,18746.0,0,75
745,2026-06-04T11:39:28.539318,53.413,53.413,13386,13386,26772,2.1418,49.5,0,,,,,,,,,,,,3.0,1349.0,43.0,47.9,18746.0,0,75
746,2026-06-04T11:39:28.639310,46.92,46.92,13481,13481,26962,2.157,44.0,0,,,,,,,,,,,,3.0,1349.0,43.0,47.9,18745.0,0,75
747,2026-06-04T11:39:28.739885,46.795,46.795,13370,13370,26740,2.1392,53.9,0,,,,,,,,,,,,3.0,1349.0,43.0,48.3,18760.0,0,75
748,2026-06-04T11:39:28.835250,46.913,46.913,13394,13394,26788,2.143,51.0,0,,,,,,,,,,,,3.0,1349.0,43.0,50.0,18748.0,0,75
749,2026-06-04T11:39:28.938517,48.541,48.541,13475,13475,26950,2.156,45.0,0,,,,,,,,,,,,3.0,1349.0,43.0,47.9,18751.0,0,75
750,2026-06-04T11:39:29.039315,49.227,49.227,13564,13564,27128,2.1702,51.9,0,,,,,,,,,,,,3.0,1349.0,43.0,50.0,18751.0,0,75
751,2026-06-04T11:39:29.136505,49.335,49.335,13256,13256,26512,2.121,47.0,0,,,,,,,,,,,,3.0,1349.0,43.0,51.1,18748.0,0,75
752,2026-06-04T11:39:29.245647,54.619,54.619,13578,13578,27156,2.1725,51.9,0,,,,,,,,,,,,3.0,1349.0,43.0,48.2,18749.0,0,75
753,2026-06-04T11:39:29.356031,47.706,47.706,13549,13549,27098,2.1678,50.9,0,,,,,,,,,,,,3.0,1349.0,43.0,46.2,18748.0,0,75
754,2026-06-04T11:39:29.455237,49.762,49.762,13375,13375,26750,2.14,47.3,0,,,,,,,,,,,,3.0,1349.0,43.0,47.1,18747.0,0,75
755,2026-06-04T11:39:29.556291,46.348,46.348,13558,13558,27116,2.1693,48.5,0,,,,,,,,,,,,3.0,1349.0,43.0,47.5,18746.0,0,75
756,2026-06-04T11:39:29.666706,48.04,48.04,13565,13565,27130,2.1704,45.9,0,,,,,,,,,,,,3.0,1349.0,43.0,50.4,18742.0,0,75
757,2026-06-04T11:39:29.777097,56.024,56.024,13331,13331,26662,2.133,53.4,0,,,,,,,,,,,,3.0,1349.0,43.0,51.3,18744.0,0,75
758,2026-06-04T11:39:29.891083,53.261,53.261,13582,13582,27164,2.1731,51.0,0,,,,,,,,,,,,3.0,1349.0,43.0,49.7,18751.0,0,75
759,2026-06-04T11:39:29.989309,48.314,48.314,13555,13555,27110,2.1688,53.1,0,,,,,,,,,,,,3.0,1349.0,43.0,48.8,18748.0,0,75
760,2026-06-04T11:39:30.085574,53.19,53.19,13428,13428,26856,2.1485,50.1,0,,,,,,,,,,,,3.0,1349.0,43.0,53.3,18749.0,0,75
761,2026-06-04T11:39:30.188054,48.007,48.007,13386,13386,26772,2.1418,49.1,0,,,,,,,,,,,,3.0,1349.0,43.0,47.9,18749.0,0,75
762,2026-06-04T11:39:30.299486,50.674,50.674,13590,13590,27180,2.1744,52.5,0,,,,,,,,,,,,3.0,1349.0,43.0,47.1,18748.0,0,75
763,2026-06-04T11:39:30.410764,45.74,45.74,13428,13428,26856,2.1485,44.7,0,,,,,,,,,,,,3.0,1349.0,43.0,47.9,18745.0,0,75
764,2026-06-04T11:39:30.521129,55.98,55.98,13520,13520,27040,2.1632,51.5,0,,,,,,,,,,,,3.0,1349.0,43.0,47.9,18744.0,0,75
765,2026-06-04T11:39:30.633700,44.761,44.761,13571,13571,27142,2.1714,42.7,0,,,,,,,,,,,,3.0,1349.0,43.0,47.9,18744.0,0,75
766,2026-06-04T11:39:30.739316,48.046,48.046,13429,13429,26858,2.1486,52.9,0,,,,,,,,,,,,3.0,1349.0,43.0,47.1,18743.0,0,75
767,2026-06-04T11:39:30.835732,55.263,55.263,13460,13460,26920,2.1536,53.9,0,,,,,,,,,,,,3.0,1349.0,43.0,54.2,18742.0,0,75
768,2026-06-04T11:39:30.939290,47.823,47.823,13505,13505,27010,2.1608,49.1,0,,,,,,,,,,,,3.0,1349.0,43.0,68.5,18750.0,0,75
769,2026-06-04T11:39:31.039234,47.129,47.129,13494,13494,26988,2.159,53.7,0,,,,,,,,,,,,3.0,1349.0,43.0,49.2,18747.0,0,75
770,2026-06-04T11:39:31.139313,50.547,50.547,13243,13243,26486,2.1189,48.6,0,,,,,,,,,,,,3.0,1349.0,43.0,51.4,18748.0,0,75
771,2026-06-04T11:39:31.252903,53.67,53.67,13163,13163,26326,2.1061,51.3,0,,,,,,,,,,,,3.0,1349.0,43.0,47.1,18748.0,0,75
772,2026-06-04T11:39:31.354589,48.625,48.625,13385,13385,26770,2.1416,51.1,0,,,,,,,,,,,,3.0,1349.0,43.0,47.9,18747.0,0,75
773,2026-06-04T11:39:31.449592,53.215,53.215,13238,13238,26476,2.1181,49.8,0,,,,,,,,,,,,3.0,1349.0,43.0,54.9,18747.0,0,75
774,2026-06-04T11:39:31.556453,49.435,49.435,13321,13321,26642,2.1314,46.9,0,,,,,,,,,,,,3.0,1349.0,43.0,47.5,18746.0,0,75
775,2026-06-04T11:39:31.669097,47.637,47.637,13398,13398,26796,2.1437,46.0,0,,,,,,,,,,,,3.0,1349.0,43.0,53.5,18746.0,0,75
776,2026-06-04T11:39:31.780025,53.472,53.472,13235,13235,26470,2.1176,52.7,0,,,,,,,,,,,,3.0,1349.0,43.0,47.9,18745.0,0,75
777,2026-06-04T11:39:31.888993,54.116,54.116,13215,13215,26430,2.1144,51.1,0,,,,,,,,,,,,3.0,1349.0,43.0,47.9,18748.0,0,75
778,2026-06-04T11:39:31.999233,48.224,48.224,13379,13379,26758,2.1406,51.4,0,,,,,,,,,,,,3.0,1349.0,43.0,49.6,18737.0,0,75
779,2026-06-04T11:39:32.105783,47.984,47.984,13218,13218,26436,2.1149,49.3,0,,,,,,,,,,,,3.0,1349.0,43.0,56.7,18738.0,0,75
780,2026-06-04T11:39:32.206522,49.067,49.067,13450,13450,26900,2.152,48.9,0,,,,,,,,,,,,3.0,1349.0,43.0,47.5,18748.0,0,75
781,2026-06-04T11:39:32.303534,47.112,47.112,13287,13287,26574,2.1259,52.8,0,,,,,,,,,,,,3.0,1349.0,43.0,47.5,18748.0,0,75
782,2026-06-04T11:39:32.398554,47.968,47.968,13327,13327,26654,2.1323,52.2,0,,,,,,,,,,,,3.0,1349.0,43.0,50.0,18749.0,0,75
783,2026-06-04T11:39:32.494631,47.572,47.572,13462,13462,26924,2.1539,49.2,0,,,,,,,,,,,,3.0,1349.0,43.0,54.9,18746.0,0,75
784,2026-06-04T11:39:32.589876,50.171,50.171,13391,13391,26782,2.1426,51.8,0,,,,,,,,,,,,3.0,1349.0,43.0,48.3,18747.0,0,75
785,2026-06-04T11:39:32.686034,54.458,54.458,13327,13327,26654,2.1323,53.9,0,,,,,,,,,,,,3.0,1349.0,43.0,44.9,18747.0,0,75
786,2026-06-04T11:39:32.788907,51.923,51.923,13437,13437,26874,2.1499,53.5,0,,,,,,,,,,,,3.0,1349.0,43.0,48.3,18746.0,0,75
787,2026-06-04T11:39:32.885604,52.97,52.97,13352,13352,26704,2.1363,50.4,0,,,,,,,,,,,,3.0,1349.0,43.0,50.8,18752.0,0,75
788,2026-06-04T11:39:32.995157,47.592,47.592,13343,13343,26686,2.1349,46.4,0,,,,,,,,,,,,3.0,1349.0,43.0,56.2,18753.0,0,75
789,2026-06-04T11:39:33.108047,53.366,53.366,13437,13437,26874,2.1499,50.9,0,,,,,,,,,,,,3.0,1349.0,43.0,49.0,18737.0,0,75
790,2026-06-04T11:39:33.219245,51.072,51.072,13410,13410,26820,2.1456,50.6,0,,,,,,,,,,,,3.0,1349.0,43.0,47.1,18736.0,0,75
791,2026-06-04T11:39:33.318769,48.501,48.501,13106,13106,26212,2.097,46.7,0,,,,,,,,,,,,3.0,1349.0,43.0,47.5,18741.0,0,75
792,2026-06-04T11:39:33.419719,52.099,52.099,13446,13446,26892,2.1514,49.3,0,,,,,,,,,,,,3.0,1349.0,43.0,52.2,18742.0,0,75
793,2026-06-04T11:39:33.523755,50.009,50.009,13426,13426,26852,2.1482,53.6,0,,,,,,,,,,,,3.0,1349.0,43.0,55.1,18749.0,0,75
794,2026-06-04T11:39:33.619272,47.485,47.485,13265,13265,26530,2.1224,45.5,0,,,,,,,,,,,,3.0,1349.0,43.0,49.6,18747.0,0,75
795,2026-06-04T11:39:33.722694,52.566,52.566,13451,13451,26902,2.1522,51.7,0,,,,,,,,,,,,3.0,1349.0,43.0,47.9,18748.0,0,75
796,2026-06-04T11:39:33.822650,48.117,48.117,13419,13419,26838,2.147,49.5,0,,,,,,,,,,,,3.0,1349.0,43.0,50.8,18747.0,0,75
797,2026-06-04T11:39:33.920338,45.909,45.909,13239,13239,26478,2.1182,46.8,0,,,,,,,,,,,,3.0,1349.0,43.0,50.0,18750.0,0,75
798,2026-06-04T11:39:34.021262,56.966,56.966,13443,13443,26886,2.1509,53.7,0,,,,,,,,,,,,3.0,1349.0,43.0,47.5,18749.0,0,75
799,2026-06-04T11:39:34.132877,48.727,48.727,13409,13409,26818,2.1454,50.1,0,,,,,,,,,,,,3.0,1349.0,43.0,52.5,18736.0,0,75
800,2026-06-04T11:39:34.238435,52.007,52.007,13442,13442,26884,2.1507,52.8,0,,,,,,,,,,,,3.0,1349.0,43.0,48.9,18746.0,0,75
801,2026-06-04T11:39:34.348072,49.009,49.009,13361,13361,26722,2.1378,46.3,0,,,,,,,,,,,,3.0,1349.0,43.0,47.9,18748.0,0,75
802,2026-06-04T11:39:34.455995,48.292,48.292,13527,13527,27054,2.1643,44.4,0,,,,,,,,,,,,3.0,1349.0,43.0,47.1,18748.0,0,75
803,2026-06-04T11:39:34.569812,45.66,45.66,13464,13464,26928,2.1542,52.0,0,,,,,,,,,,,,3.0,1349.0,43.0,47.9,18752.0,0,75
804,2026-06-04T11:39:34.665256,49.993,49.993,13493,13493,26986,2.1589,48.8,0,,,,,,,,,,,,3.0,1349.0,43.0,50.0,18751.0,0,75
805,2026-06-04T11:39:34.772679,47.524,47.524,13521,13521,27042,2.1634,53.4,0,,,,,,,,,,,,3.0,1349.0,43.0,47.9,18751.0,0,75
806,2026-06-04T11:39:34.870214,46.038,46.038,13471,13471,26942,2.1554,53.0,0,,,,,,,,,,,,3.0,1349.0,43.0,54.2,18747.0,0,75
807,2026-06-04T11:39:34.962528,47.937,47.937,13456,13456,26912,2.153,46.8,0,,,,,,,,,,,,3.0,1349.0,43.0,50.0,18755.0,0,75
808,2026-06-04T11:39:35.071632,50.183,50.183,13525,13525,27050,2.164,53.1,0,,,,,,,,,,,,3.0,1349.0,43.0,50.7,18754.0,0,75
809,2026-06-04T11:39:35.169648,45.722,45.722,13480,13480,26960,2.1568,52.7,0,,,,,,,,,,,,3.0,1349.0,43.0,54.8,18742.0,0,75
810,2026-06-04T11:39:35.271649,51.208,51.208,13395,13395,26790,2.1432,47.2,0,,,,,,,,,,,,3.0,1349.0,43.0,51.6,18751.0,0,75
811,2026-06-04T11:39:35.383653,47.843,47.843,13115,13115,26230,2.0984,48.1,0,,,,,,,,,,,,3.0,1349.0,43.0,47.1,18753.0,0,75
812,2026-06-04T11:39:35.484854,45.684,45.684,13369,13369,26738,2.139,42.1,0,,,,,,,,,,,,3.0,1349.0,43.0,48.2,18753.0,0,75
813,2026-06-04T11:39:35.597152,52.445,52.445,13407,13407,26814,2.1451,52.9,0,,,,,,,,,,,,3.0,1349.0,43.0,47.1,18753.0,0,75
814,2026-06-04T11:39:35.705958,55.781,55.781,13289,13289,26578,2.1262,51.9,0,,,,,,,,,,,,3.0,1349.0,43.0,48.6,18753.0,0,75
815,2026-06-04T11:39:35.820690,47.688,47.688,13388,13388,26776,2.1421,44.9,0,,,,,,,,,,,,3.0,1349.0,43.0,53.6,18752.0,0,75
816,2026-06-04T11:39:35.924150,46.619,46.619,13409,13409,26818,2.1454,45.2,0,,,,,,,,,,,,3.0,1349.0,43.0,52.9,18752.0,0,75
817,2026-06-04T11:39:36.022677,40.522,40.522,13222,13222,26444,2.1155,44.0,0,,,,,,,,,,,,3.0,1349.0,43.0,47.5,18753.0,0,75
818,2026-06-04T11:39:36.120093,47.284,47.284,13388,13388,26776,2.1421,48.3,0,,,,,,,,,,,,3.0,1349.0,43.0,50.0,18753.0,0,75
819,2026-06-04T11:39:36.219789,47.274,47.274,13418,13418,26836,2.1469,53.9,0,,,,,,,,,,,,3.0,1349.0,43.0,49.6,18761.0,0,75
820,2026-06-04T11:39:36.314802,55.236,55.236,13490,13490,26980,2.1584,52.0,0,,,,,,,,,,,,3.0,1349.0,43.0,48.3,18750.0,0,75
821,2026-06-04T11:39:36.422666,47.641,47.641,13326,13326,26652,2.1322,49.6,0,,,,,,,,,,,,3.0,1349.0,43.0,50.0,18753.0,0,75
822,2026-06-04T11:39:36.518204,47.218,47.218,13550,13550,27100,2.168,49.2,0,,,,,,,,,,,,3.0,1349.0,43.0,47.5,18753.0,0,75
823,2026-06-04T11:39:36.613134,45.308,45.308,13484,13484,26968,2.1574,42.2,0,,,,,,,,,,,,3.0,1349.0,43.0,47.5,18752.0,0,75
824,2026-06-04T11:39:36.722760,51.393,51.393,13485,13485,26970,2.1576,47.2,0,,,,,,,,,,,,3.0,1349.0,43.0,47.9,18752.0,0,75
825,2026-06-04T11:39:36.841012,55.323,55.323,13567,13567,27134,2.1707,54.5,0,,,,,,,,,,,,3.0,1349.0,43.0,53.1,18756.0,0,75
826,2026-06-04T11:39:36.941057,54.755,54.755,13496,13496,26992,2.1594,52.5,0,,,,,,,,,,,,3.0,1349.0,43.0,50.8,18764.0,0,75
827,2026-06-04T11:39:37.040872,54.873,54.873,13442,13442,26884,2.1507,52.5,0,,,,,,,,,,,,3.0,1349.0,43.0,55.4,18764.0,0,75
828,2026-06-04T11:39:37.157833,51.831,51.831,13570,13570,27140,2.1712,49.4,0,,,,,,,,,,,,3.0,1349.0,43.0,52.8,18761.0,0,75
829,2026-06-04T11:39:37.274636,54.084,54.084,13485,13485,26970,2.1576,51.6,0,,,,,,,,,,,,3.0,1349.0,43.0,57.4,18773.0,0,75
830,2026-06-04T11:39:37.391334,54.453,54.453,13496,13496,26992,2.1594,53.7,0,,,,,,,,,,,,3.0,1414.0,43.0,48.4,18758.0,0,75
831,2026-06-04T11:39:37.491327,54.981,54.981,13359,13359,26718,2.1374,52.8,0,,,,,,,,,,,,3.0,1414.0,43.0,47.5,18760.0,0,75
832,2026-06-04T11:39:37.607950,54.64,54.64,13463,13463,26926,2.1541,53.2,0,,,,,,,,,,,,3.0,1414.0,43.0,50.9,18762.0,0,75
833,2026-06-04T11:39:37.706955,54.128,54.128,13523,13523,27046,2.1637,51.5,0,,,,,,,,,,,,3.0,1414.0,43.0,50.8,18760.0,0,75
834,2026-06-04T11:39:37.822651,55.139,55.139,13484,13484,26968,2.1574,52.1,0,,,,,,,,,,,,3.0,1414.0,43.0,53.6,18756.0,0,75
835,2026-06-04T11:39:37.923631,50.133,50.133,13454,13454,26908,2.1526,47.9,0,,,,,,,,,,,,3.0,1414.0,43.0,50.7,18761.0,0,75
836,2026-06-04T11:39:38.024635,54.109,54.109,13545,13545,27090,2.1672,51.5,0,,,,,,,,,,,,3.0,1414.0,43.0,51.7,18759.0,0,75
837,2026-06-04T11:39:38.140063,41.767,41.767,13457,13457,26914,2.1531,45.0,0,,,,,,,,,,,,3.0,1414.0,43.0,50.0,18760.0,0,75
838,2026-06-04T11:39:38.240089,51.384,51.384,13454,13454,26908,2.1526,52.8,0,,,,,,,,,,,,3.0,1414.0,43.0,47.5,18760.0,0,75
839,2026-06-04T11:39:38.339823,51.572,51.572,13540,13540,27080,2.1664,53.1,0,,,,,,,,,,,,3.0,1414.0,43.0,54.4,18774.0,0,75
840,2026-06-04T11:39:38.439300,55.145,55.145,13484,13484,26968,2.1574,52.6,0,,,,,,,,,,,,8.0,1412.0,43.0,46.0,18758.0,0,75
841,2026-06-04T11:39:38.539509,56.37,56.37,13175,13175,26350,2.108,53.8,0,,,,,,,,,,,,8.0,1412.0,43.0,51.7,18757.0,0,75
842,2026-06-04T11:39:38.640837,54.207,54.207,13505,13505,27010,2.1608,51.8,0,,,,,,,,,,,,8.0,1412.0,43.0,51.1,18758.0,0,75
843,2026-06-04T11:39:38.743165,47.866,47.866,13494,13494,26988,2.159,46.5,0,,,,,,,,,,,,8.0,1412.0,43.0,47.5,18756.0,0,75
844,2026-06-04T11:39:38.857504,57.595,57.595,13306,13306,26612,2.129,55.0,0,,,,,,,,,,,,8.0,1412.0,43.0,52.4,18757.0,0,75
845,2026-06-04T11:39:38.974623,54.939,54.939,13527,13527,27054,2.1643,52.7,0,,,,,,,,,,,,8.0,1412.0,43.0,71.4,18738.0,0,75
846,2026-06-04T11:39:39.074127,55.843,55.843,13504,13504,27008,2.1606,52.9,0,,,,,,,,,,,,8.0,1412.0,43.0,52.6,18738.0,0,75
847,2026-06-04T11:39:39.190781,52.623,52.623,13267,13267,26534,2.1227,50.2,0,,,,,,,,,,,,8.0,1412.0,43.0,47.3,18737.0,0,75
848,2026-06-04T11:39:39.306628,53.189,53.189,13534,13534,27068,2.1654,53.5,0,,,,,,,,,,,,8.0,1412.0,43.0,47.9,18735.0,0,75
849,2026-06-04T11:39:39.406542,53.769,53.769,13514,13514,27028,2.1622,53.3,0,,,,,,,,,,,,8.0,1412.0,43.0,56.6,18751.0,0,75
850,2026-06-04T11:39:39.506763,53.703,53.703,13435,13435,26870,2.1496,51.4,0,,,,,,,,,,,,8.0,1407.0,43.0,47.5,18735.0,0,75
851,2026-06-04T11:39:39.606646,54.321,54.321,13395,13395,26790,2.1432,50.2,0,,,,,,,,,,,,8.0,1407.0,43.0,50.0,18736.0,0,75
852,2026-06-04T11:39:39.723833,49.936,49.936,13597,13597,27194,2.1755,51.5,0,,,,,,,,,,,,8.0,1407.0,43.0,50.4,18736.0,0,75
853,2026-06-04T11:39:39.823648,50.46,50.46,13447,13447,26894,2.1515,50.5,0,,,,,,,,,,,,8.0,1407.0,43.0,52.2,18736.0,0,75
854,2026-06-04T11:39:39.923888,49.193,49.193,13510,13510,27020,2.1616,52.3,0,,,,,,,,,,,,8.0,1407.0,43.0,52.0,18738.0,0,75
855,2026-06-04T11:39:40.023415,49.685,49.685,13601,13601,27202,2.1762,53.3,0,,,,,,,,,,,,8.0,1407.0,43.0,47.5,18735.0,0,75
856,2026-06-04T11:39:40.124000,50.359,50.359,13447,13447,26894,2.1515,53.2,0,,,,,,,,,,,,8.0,1407.0,43.0,53.6,18736.0,0,75
857,2026-06-04T11:39:40.223495,39.339,39.339,13507,13507,27014,2.1611,40.4,0,,,,,,,,,,,,8.0,1407.0,43.0,47.5,18736.0,0,75
858,2026-06-04T11:39:40.323382,51.874,51.874,13600,13600,27200,2.176,51.4,0,,,,,,,,,,,,8.0,1407.0,43.0,50.8,18735.0,0,75
859,2026-06-04T11:39:40.423641,49.497,49.497,13466,13466,26932,2.1546,53.8,0,,,,,,,,,,,,8.0,1407.0,43.0,47.7,18734.0,0,75
860,2026-06-04T11:39:40.518371,45.399,45.399,13597,13597,27194,2.1755,48.7,0,,,,,,,,,,,,3.0,1404.0,43.0,50.8,18735.0,0,75
861,2026-06-04T11:39:40.617761,46.412,46.412,13427,13427,26854,2.1483,43.1,0,,,,,,,,,,,,3.0,1404.0,43.0,49.2,18736.0,0,75
862,2026-06-04T11:39:40.723458,50.351,50.351,13457,13457,26914,2.1531,49.7,0,,,,,,,,,,,,3.0,1404.0,43.0,47.9,18733.0,0,75
863,2026-06-04T11:39:40.822627,42.293,42.293,13587,13587,27174,2.1739,43.7,0,,,,,,,,,,,,3.0,1404.0,43.0,47.5,18734.0,0,75
864,2026-06-04T11:39:40.926224,55.461,55.461,13522,13522,27044,2.1635,54.3,0,,,,,,,,,,,,3.0,1404.0,43.0,58.6,18741.0,0,75
865,2026-06-04T11:39:41.031855,50.064,50.064,13458,13458,26916,2.1533,51.5,0,,,,,,,,,,,,3.0,1404.0,43.0,49.3,18740.0,0,75
866,2026-06-04T11:39:41.139390,50.412,50.412,13599,13599,27198,2.1758,50.3,0,,,,,,,,,,,,3.0,1404.0,43.0,52.1,18739.0,0,75
867,2026-06-04T11:39:41.239265,50.542,50.542,13503,13503,27006,2.1605,49.3,0,,,,,,,,,,,,3.0,1404.0,43.0,47.5,18739.0,0,75
868,2026-06-04T11:39:41.339357,50.42,50.42,13500,13500,27000,2.16,48.2,0,,,,,,,,,,,,3.0,1404.0,43.0,47.5,18739.0,0,75
869,2026-06-04T11:39:41.439310,51.101,51.101,13606,13606,27212,2.177,52.9,0,,,,,,,,,,,,3.0,1404.0,43.0,48.6,18738.0,0,75
870,2026-06-04T11:39:41.539242,49.088,49.088,13496,13496,26992,2.1594,46.8,0,,,,,,,,,,,,5.0,1390.0,43.0,53.3,18737.0,0,75
871,2026-06-04T11:39:41.639971,48.871,48.871,13174,13174,26348,2.1078,46.1,0,,,,,,,,,,,,5.0,1390.0,43.0,50.7,18739.0,0,75
872,2026-06-04T11:39:41.748953,50.453,50.453,13536,13536,27072,2.1658,47.3,0,,,,,,,,,,,,5.0,1390.0,43.0,47.1,18738.0,0,75
873,2026-06-04T11:39:41.855952,46.192,46.192,13486,13486,26972,2.1578,43.4,0,,,,,,,,,,,,5.0,1390.0,43.0,50.7,18739.0,0,75
874,2026-06-04T11:39:41.956979,54.621,54.621,13363,13363,26726,2.1381,53.0,0,,,,,,,,,,,,5.0,1390.0,43.0,46.3,18738.0,0,75
875,2026-06-04T11:39:42.056936,45.662,45.662,13539,13539,27078,2.1662,43.1,0,,,,,,,,,,,,5.0,1390.0,43.0,50.0,18735.0,0,75
876,2026-06-04T11:39:42.156995,56.014,56.014,13501,13501,27002,2.1602,54.2,0,,,,,,,,,,,,5.0,1390.0,43.0,49.6,18734.0,0,75
877,2026-06-04T11:39:42.261954,52.92,52.92,13270,13270,26540,2.1232,53.5,0,,,,,,,,,,,,5.0,1390.0,43.0,50.0,18735.0,0,75
878,2026-06-04T11:39:42.373010,50.635,50.635,13545,13545,27090,2.1672,52.4,0,,,,,,,,,,,,5.0,1390.0,43.0,50.3,18735.0,0,75
879,2026-06-04T11:39:42.473293,53.914,53.914,13504,13504,27008,2.1606,52.2,0,,,,,,,,,,,,5.0,1390.0,43.0,47.5,18734.0,0,75
880,2026-06-04T11:39:42.573465,49.682,49.682,13514,13514,27028,2.1622,52.8,0,,,,,,,,,,,,5.0,1390.0,43.0,54.0,18733.0,0,75
881,2026-06-04T11:39:42.673635,50.118,50.118,13450,13450,26900,2.152,50.7,0,,,,,,,,,,,,3.0,1385.0,43.0,54.0,18735.0,0,75
882,2026-06-04T11:39:42.773425,52.739,52.739,13603,13603,27206,2.1765,52.8,0,,,,,,,,,,,,3.0,1385.0,43.0,47.1,18735.0,0,75
883,2026-06-04T11:39:42.873014,50.34,50.34,13534,13534,27068,2.1654,55.2,0,,,,,,,,,,,,3.0,1385.0,43.0,63.4,18734.0,0,75
884,2026-06-04T11:39:42.973029,50.241,50.241,13570,13570,27140,2.1712,54.4,0,,,,,,,,,,,,3.0,1385.0,43.0,52.1,18741.0,0,75
885,2026-06-04T11:39:43.072941,50.237,50.237,13599,13599,27198,2.1758,52.1,0,,,,,,,,,,,,3.0,1385.0,43.0,49.6,18737.0,0,75
886,2026-06-04T11:39:43.172656,50.95,50.95,13535,13535,27070,2.1656,51.7,0,,,,,,,,,,,,3.0,1385.0,43.0,54.7,18736.0,0,75
887,2026-06-04T11:39:43.272637,50.531,50.531,13537,13537,27074,2.1659,51.2,0,,,,,,,,,,,,3.0,1385.0,43.0,47.5,18735.0,0,75
888,2026-06-04T11:39:43.373333,49.731,49.731,13600,13600,27200,2.176,49.7,0,,,,,,,,,,,,3.0,1385.0,43.0,49.6,18733.0,0,75
889,2026-06-04T11:39:43.472602,56.724,56.724,13551,13551,27102,2.1682,53.2,0,,,,,,,,,,,,3.0,1385.0,43.0,47.5,18732.0,0,75
890,2026-06-04T11:39:43.574337,48.436,48.436,13632,13632,27264,2.1811,46.0,0,,,,,,,,,,,,3.0,1385.0,43.0,51.5,18733.0,0,75
891,2026-06-04T11:39:43.674853,55.034,55.034,13382,13382,26764,2.1411,50.8,0,,,,,,,,,,,,3.0,1380.0,43.0,46.1,18735.0,0,75
892,2026-06-04T11:39:43.775311,47.849,47.849,13585,13585,27170,2.1736,46.1,0,,,,,,,,,,,,3.0,1380.0,43.0,47.5,18735.0,0,75
893,2026-06-04T11:39:43.875507,58.026,58.026,13644,13644,27288,2.183,53.6,0,,,,,,,,,,,,3.0,1380.0,43.0,51.1,18734.0,0,75
894,2026-06-04T11:39:43.975990,56.003,56.003,13511,13511,27022,2.1618,52.1,0,,,,,,,,,,,,3.0,1380.0,43.0,50.8,18740.0,0,75
895,2026-06-04T11:39:44.089277,51.152,51.152,13585,13585,27170,2.1736,49.4,0,,,,,,,,,,,,3.0,1380.0,43.0,50.7,18739.0,0,75
896,2026-06-04T11:39:44.189307,50.548,50.548,13642,13642,27284,2.1827,53.4,0,,,,,,,,,,,,3.0,1380.0,43.0,46.5,18739.0,0,75
897,2026-06-04T11:39:44.290507,52.105,52.105,13493,13493,26986,2.1589,51.4,0,,,,,,,,,,,,3.0,1380.0,43.0,47.5,18739.0,0,75
898,2026-06-04T11:39:44.389292,50.106,50.106,13606,13606,27212,2.177,46.7,0,,,,,,,,,,,,3.0,1380.0,43.0,50.4,18737.0,0,75
899,2026-06-04T11:39:44.498642,41.213,41.213,13649,13649,27298,2.1838,47.7,0,,,,,,,,,,,,3.0,1380.0,43.0,48.5,18737.0,0,75
900,2026-06-04T11:39:44.589280,50.497,50.497,13516,13516,27032,2.1626,52.7,0,,,,,,,,,,,,3.0,1380.0,43.0,49.2,18736.0,0,75
901,2026-06-04T11:39:44.689575,50.266,50.266,13378,13378,26756,2.1405,52.6,0,,,,,,,,,,,,3.0,1380.0,43.0,47.6,18737.0,0,75
902,2026-06-04T11:39:44.789606,50.734,50.734,13631,13631,27262,2.181,50.3,0,,,,,,,,,,,,3.0,1380.0,43.0,49.2,18738.0,0,75
903,2026-06-04T11:39:44.889302,50.494,50.494,13532,13532,27064,2.1651,52.0,0,,,,,,,,,,,,3.0,1380.0,43.0,53.2,18738.0,0,75
904,2026-06-04T11:39:44.989535,53.636,53.636,13513,13513,27026,2.1621,51.0,0,,,,,,,,,,,,3.0,1380.0,43.0,47.5,18739.0,0,75
905,2026-06-04T11:39:45.089277,49.192,49.192,13612,13612,27224,2.1779,46.4,0,,,,,,,,,,,,3.0,1380.0,43.0,51.1,18738.0,0,75
906,2026-06-04T11:39:45.190125,49.728,49.728,13523,13523,27046,2.1637,47.4,0,,,,,,,,,,,,3.0,1380.0,43.0,46.5,18737.0,0,75
907,2026-06-04T11:39:45.289260,41.964,41.964,13480,13480,26960,2.1568,44.3,0,,,,,,,,,,,,3.0,1380.0,43.0,47.1,18737.0,0,75
908,2026-06-04T11:39:45.389564,50.233,50.233,13621,13621,27242,2.1794,51.6,0,,,,,,,,,,,,3.0,1380.0,43.0,49.6,18737.0,0,75
909,2026-06-04T11:39:45.489266,42.416,42.416,13519,13519,27038,2.163,46.2,0,,,,,,,,,,,,3.0,1380.0,43.0,47.5,18736.0,0,75
910,2026-06-04T11:39:45.589307,50.514,50.514,13431,13431,26862,2.149,48.8,0,,,,,,,,,,,,3.0,1380.0,43.0,50.8,18735.0,0,75
911,2026-06-04T11:39:45.689506,50.857,50.857,13229,13229,26458,2.1166,50.8,0,,,,,,,,,,,,3.0,1380.0,43.0,53.1,18732.0,0,75
912,2026-06-04T11:39:45.789300,51.0,51.0,13381,13381,26762,2.141,51.1,0,,,,,,,,,,,,3.0,1380.0,43.0,51.7,18737.0,0,75
913,2026-06-04T11:39:45.889307,55.676,55.676,13424,13424,26848,2.1478,52.6,0,,,,,,,,,,,,3.0,1380.0,43.0,51.8,18742.0,0,75
914,2026-06-04T11:39:45.989291,54.817,54.817,13416,13416,26832,2.1466,52.2,0,,,,,,,,,,,,3.0,1380.0,43.0,47.5,18740.0,0,75
915,2026-06-04T11:39:46.089508,51.111,51.111,13387,13387,26774,2.1419,48.5,0,,,,,,,,,,,,3.0,1380.0,43.0,51.9,18738.0,0,75
916,2026-06-04T11:39:46.189294,50.457,50.457,13455,13455,26910,2.1528,51.0,0,,,,,,,,,,,,3.0,1380.0,43.0,45.7,18735.0,0,75
917,2026-06-04T11:39:46.289283,53.557,53.557,13335,13335,26670,2.1336,50.0,0,,,,,,,,,,,,3.0,1380.0,43.0,48.3,18733.0,0,75
918,2026-06-04T11:39:46.389235,57.358,57.358,13392,13392,26784,2.1427,53.7,0,,,,,,,,,,,,3.0,1380.0,43.0,52.8,18734.0,0,75
919,2026-06-04T11:39:46.489275,51.627,51.627,13460,13460,26920,2.1536,47.5,0,,,,,,,,,,,,3.0,1380.0,43.0,47.5,18733.0,0,75
920,2026-06-04T11:39:46.605953,44.578,44.578,13619,13619,27238,2.179,43.0,0,,,,,,,,,,,,3.0,1380.0,43.0,48.7,18733.0,0,75
921,2026-06-04T11:39:46.705945,50.467,50.467,13328,13328,26656,2.1325,49.6,0,,,,,,,,,,,,3.0,1380.0,43.0,45.5,18732.0,0,75
922,2026-06-04T11:39:46.805962,53.89,53.89,13610,13610,27220,2.1776,51.5,0,,,,,,,,,,,,3.0,1380.0,43.0,49.2,18751.0,0,75
923,2026-06-04T11:39:46.905933,49.172,49.172,13613,13613,27226,2.1781,46.1,0,,,,,,,,,,,,3.0,1356.0,43.0,56.0,18737.0,0,75
924,2026-06-04T11:39:47.022633,51.992,51.992,13450,13450,26900,2.152,53.0,0,,,,,,,,,,,,3.0,1356.0,43.0,50.0,18738.0,0,75
925,2026-06-04T11:39:47.122624,50.492,50.492,13609,13609,27218,2.1774,49.8,0,,,,,,,,,,,,3.0,1356.0,43.0,50.0,18738.0,0,75
926,2026-06-04T11:39:47.222821,50.304,50.304,13628,13628,27256,2.1805,51.9,0,,,,,,,,,,,,3.0,1356.0,43.0,49.6,18738.0,0,75
927,2026-06-04T11:39:47.322615,50.515,50.515,13397,13397,26794,2.1435,49.9,0,,,,,,,,,,,,3.0,1356.0,43.0,48.8,18735.0,0,75
928,2026-06-04T11:39:47.422614,50.531,50.531,13631,13631,27262,2.181,49.9,0,,,,,,,,,,,,3.0,1356.0,43.0,51.1,18735.0,0,75
929,2026-06-04T11:39:47.522601,50.536,50.536,13626,13626,27252,2.1802,48.5,0,,,,,,,,,,,,3.0,1356.0,43.0,47.9,18734.0,0,75
930,2026-06-04T11:39:47.622611,50.49,50.49,13440,13440,26880,2.1504,47.2,0,,,,,,,,,,,,3.0,1356.0,43.0,49.3,18734.0,0,75
931,2026-06-04T11:39:47.722594,51.027,51.027,13404,13404,26808,2.1446,51.0,0,,,,,,,,,,,,3.0,1356.0,43.0,47.5,18733.0,0,75
932,2026-06-04T11:39:47.822606,55.189,55.189,13612,13612,27224,2.1779,52.1,0,,,,,,,,,,,,3.0,1356.0,43.0,48.3,18733.0,0,75
933,2026-06-04T11:39:47.924324,48.802,48.802,13454,13454,26908,2.1526,46.7,0,,,,,,,,,,,,3.0,1356.0,43.0,54.2,18740.0,0,75
934,2026-06-04T11:39:48.022605,49.268,49.268,13539,13539,27078,2.1662,45.3,0,,,,,,,,,,,,3.0,1356.0,43.0,47.9,18740.0,0,75
935,2026-06-04T11:39:48.139501,50.333,50.333,13608,13608,27216,2.1773,51.8,0,,,,,,,,,,,,3.0,1356.0,43.0,48.8,18739.0,0,75
936,2026-06-04T11:39:48.239532,50.238,50.238,13448,13448,26896,2.1517,51.7,0,,,,,,,,,,,,3.0,1356.0,43.0,50.0,18737.0,0,75
937,2026-06-04T11:39:48.339271,42.425,42.425,13500,13500,27000,2.16,46.9,0,,,,,,,,,,,,3.0,1356.0,43.0,51.1,18738.0,0,75
938,2026-06-04T11:39:48.432257,49.195,49.195,13627,13627,27254,2.1803,50.9,0,,,,,,,,,,,,3.0,1356.0,43.0,48.8,18737.0,0,75
939,2026-06-04T11:39:48.539401,52.396,52.396,13451,13451,26902,2.1522,52.9,0,,,,,,,,,,,,3.0,1356.0,43.0,52.0,18733.0,0,75
940,2026-06-04T11:39:48.639267,49.38,49.38,13531,13531,27062,2.165,46.1,0,,,,,,,,,,,,3.0,1356.0,43.0,50.4,18732.0,0,75
941,2026-06-04T11:39:48.739328,50.976,50.976,13344,13344,26688,2.135,48.8,0,,,,,,,,,,,,3.0,1356.0,43.0,47.1,18731.0,0,75
942,2026-06-04T11:39:48.840204,54.948,54.948,13423,13423,26846,2.1477,53.0,0,,,,,,,,,,,,3.0,1356.0,43.0,50.7,18729.0,0,75
943,2026-06-04T11:39:48.954344,36.575,36.575,13510,13510,27020,2.1616,45.3,0,,,,,,,,,,,,3.0,1346.0,43.0,48.6,18727.0,0,75
944,2026-06-04T11:39:49.047245,43.991,43.991,13478,13478,26956,2.1565,48.9,0,,,,,,,,,,,,3.0,1346.0,43.0,47.9,18735.0,0,75
945,2026-06-04T11:39:49.155321,51.139,51.139,13419,13419,26838,2.147,50.1,0,,,,,,,,,,,,3.0,1346.0,43.0,50.3,18736.0,0,75
946,2026-06-04T11:39:49.255952,50.559,50.559,13558,13558,27116,2.1693,47.2,0,,,,,,,,,,,,3.0,1346.0,43.0,50.8,18738.0,0,75
947,2026-06-04T11:39:49.355931,45.132,45.132,13444,13444,26888,2.151,43.3,0,,,,,,,,,,,,3.0,1346.0,43.0,48.9,18735.0,0,75
948,2026-06-04T11:39:49.455949,50.552,50.552,13462,13462,26924,2.1539,53.8,0,,,,,,,,,,,,3.0,1346.0,43.0,46.7,18736.0,0,75
949,2026-06-04T11:39:49.555940,37.498,37.498,13543,13543,27086,2.1669,45.3,0,,,,,,,,,,,,3.0,1346.0,43.0,49.2,18730.0,0,75
950,2026-06-04T11:39:49.647722,45.916,45.916,13626,13626,27252,2.1802,52.0,0,,,,,,,,,,,,3.0,1346.0,43.0,52.1,18732.0,0,75
951,2026-06-04T11:39:49.739262,50.462,50.462,13315,13315,26630,2.1304,50.2,0,,,,,,,,,,,,3.0,1346.0,43.0,48.3,18732.0,0,75
952,2026-06-04T11:39:49.840673,48.151,48.151,13646,13646,27292,2.1834,46.0,0,,,,,,,,,,,,3.0,1346.0,43.0,51.5,18731.0,0,75
953,2026-06-04T11:39:49.939284,56.293,56.293,13630,13630,27260,2.1808,53.6,0,,,,,,,,,,,,3.0,1346.0,43.0,46.4,18733.0,0,75
954,2026-06-04T11:39:50.039285,50.493,50.493,13471,13471,26942,2.1554,51.0,0,,,,,,,,,,,,3.0,1346.0,43.0,51.7,18719.0,0,75
955,2026-06-04T11:39:50.139277,49.19,49.19,13630,13630,27260,2.1808,46.0,0,,,,,,,,,,,,3.0,1346.0,43.0,51.1,18720.0,0,75
956,2026-06-04T11:39:50.241482,52.613,52.613,13622,13622,27244,2.1795,51.2,0,,,,,,,,,,,,3.0,1346.0,43.0,47.5,18722.0,0,75
957,2026-06-04T11:39:50.339262,49.397,49.397,13434,13434,26868,2.1494,45.4,0,,,,,,,,,,,,3.0,1346.0,43.0,53.8,18724.0,0,75
958,2026-06-04T11:39:50.455960,46.273,46.273,13666,13666,27332,2.1866,42.6,0,,,,,,,,,,,,3.0,1346.0,43.0,45.3,18725.0,0,75
959,2026-06-04T11:39:50.555928,50.531,50.531,13614,13614,27228,2.1782,50.1,0,,,,,,,,,,,,3.0,1346.0,43.0,47.5,18730.0,0,75
960,2026-06-04T11:39:50.656655,40.054,40.054,13535,13535,27070,2.1656,42.8,0,,,,,,,,,,,,3.0,1346.0,43.0,51.1,18731.0,0,75
961,2026-06-04T11:39:50.755924,50.549,50.549,13438,13438,26876,2.1501,51.9,0,,,,,,,,,,,,3.0,1346.0,43.0,47.5,18731.0,0,75
962,2026-06-04T11:39:50.855949,55.386,55.386,13621,13621,27242,2.1794,53.2,0,,,,,,,,,,,,3.0,1346.0,43.0,52.9,18730.0,0,75
963,2026-06-04T11:39:50.957431,55.91,55.91,13542,13542,27084,2.1667,53.5,0,,,,,,,,,,,,3.0,1346.0,43.0,52.5,18728.0,0,75
964,2026-06-04T11:39:51.055983,57.068,57.068,13582,13582,27164,2.1731,51.8,0,,,,,,,,,,,,3.0,1346.0,43.0,57.7,18725.0,0,75
965,2026-06-04T11:39:51.161829,50.927,50.927,13616,13616,27232,2.1786,53.4,0,,,,,,,,,,,,3.0,1346.0,43.0,51.9,18732.0,0,75
966,2026-06-04T11:39:51.255950,56.512,56.512,13562,13562,27124,2.1699,52.4,0,,,,,,,,,,,,3.0,1346.0,43.0,47.9,18732.0,0,75
967,2026-06-04T11:39:51.372604,39.251,39.251,13536,13536,27072,2.1658,43.9,0,,,,,,,,,,,,3.0,1346.0,43.0,51.6,18731.0,0,75
968,2026-06-04T11:39:51.472599,39.418,39.418,13619,13619,27238,2.179,45.9,0,,,,,,,,,,,,3.0,1346.0,43.0,47.5,18731.0,0,75
969,2026-06-04T11:39:51.572629,51.008,51.008,13555,13555,27110,2.1688,52.9,0,,,,,,,,,,,,3.0,1346.0,43.0,47.5,18730.0,0,75
970,2026-06-04T11:39:51.672870,41.188,41.188,13530,13530,27060,2.1648,44.2,0,,,,,,,,,,,,3.0,1346.0,43.0,51.1,18730.0,0,75
971,2026-06-04T11:39:51.773389,49.855,49.855,13293,13293,26586,2.1269,49.6,0,,,,,,,,,,,,3.0,1346.0,43.0,47.5,18729.0,0,75
972,2026-06-04T11:39:51.872616,53.543,53.543,13491,13491,26982,2.1586,51.7,0,,,,,,,,,,,,3.0,1346.0,43.0,52.1,18728.0,0,75
973,2026-06-04T11:39:51.973334,49.734,49.734,13515,13515,27030,2.1624,52.4,0,,,,,,,,,,,,3.0,1346.0,43.0,47.1,18732.0,0,75
974,2026-06-04T11:39:52.072984,50.072,50.072,13448,13448,26896,2.1517,53.2,0,,,,,,,,,,,,3.0,1346.0,43.0,50.8,18733.0,0,75
975,2026-06-04T11:39:52.172610,50.515,50.515,13490,13490,26980,2.1584,48.1,0,,,,,,,,,,,,3.0,1346.0,43.0,52.5,18718.0,0,75
976,2026-06-04T11:39:52.272633,50.507,50.507,13549,13549,27098,2.1678,53.0,0,,,,,,,,,,,,3.0,1346.0,43.0,50.0,18723.0,0,75
977,2026-06-04T11:39:52.372604,50.487,50.487,13354,13354,26708,2.1366,53.6,0,,,,,,,,,,,,3.0,1346.0,43.0,51.8,18725.0,0,75
978,2026-06-04T11:39:52.472811,37.652,37.652,13522,13522,27044,2.1635,42.6,0,,,,,,,,,,,,3.0,1346.0,43.0,48.4,18725.0,0,75
979,2026-06-04T11:39:52.572605,51.525,51.525,13542,13542,27084,2.1667,50.1,0,,,,,,,,,,,,3.0,1346.0,43.0,47.9,18730.0,0,75
980,2026-06-04T11:39:52.672592,50.515,50.515,13574,13574,27148,2.1718,51.4,0,,,,,,,,,,,,3.0,1346.0,43.0,48.9,18730.0,0,75
981,2026-06-04T11:39:52.772612,50.498,50.498,13418,13418,26836,2.1469,51.0,0,,,,,,,,,,,,3.0,1346.0,43.0,47.5,18730.0,0,75
982,2026-06-04T11:39:52.872601,54.307,54.307,13664,13664,27328,2.1862,52.8,0,,,,,,,,,,,,3.0,1346.0,43.0,51.4,18730.0,0,75
983,2026-06-04T11:39:52.973302,49.804,49.804,13584,13584,27168,2.1734,48.4,0,,,,,,,,,,,,3.0,1346.0,43.0,47.1,18732.0,0,75
984,2026-06-04T11:39:53.072670,50.495,50.495,13561,13561,27122,2.1698,48.6,0,,,,,,,,,,,,3.0,1346.0,43.0,47.5,18731.0,0,75
985,2026-06-04T11:39:53.172627,50.498,50.498,13647,13647,27294,2.1835,47.8,0,,,,,,,,,,,,3.0,1346.0,43.0,52.1,18727.0,0,75
986,2026-06-04T11:39:53.272622,50.475,50.475,13590,13590,27180,2.1744,53.8,0,,,,,,,,,,,,3.0,1346.0,43.0,50.8,18729.0,0,75
987,2026-06-04T11:39:53.372634,50.475,50.475,13522,13522,27044,2.1635,53.1,0,,,,,,,,,,,,3.0,1346.0,43.0,52.8,18731.0,0,75
988,2026-06-04T11:39:53.473369,49.706,49.706,13667,13667,27334,2.1867,48.2,0,,,,,,,,,,,,3.0,1346.0,43.0,47.9,18732.0,0,75
989,2026-06-04T11:39:53.572589,50.481,50.481,13582,13582,27164,2.1731,49.2,0,,,,,,,,,,,,3.0,1346.0,43.0,47.5,18731.0,0,75
990,2026-06-04T11:39:53.675121,51.575,51.575,13610,13610,27220,2.1776,49.8,0,,,,,,,,,,,,3.0,1346.0,43.0,48.9,18732.0,0,75
991,2026-06-04T11:39:53.776362,46.731,46.731,13440,13440,26880,2.1504,45.0,0,,,,,,,,,,,,3.0,1346.0,43.0,47.5,18731.0,0,75
992,2026-06-04T11:39:53.889324,54.161,54.161,13584,13584,27168,2.1734,51.1,0,,,,,,,,,,,,3.0,1346.0,43.0,48.4,18735.0,0,75
993,2026-06-04T11:39:53.989279,52.034,52.034,13619,13619,27238,2.179,51.7,0,,,,,,,,,,,,3.0,1346.0,43.0,47.5,18734.0,0,75
994,2026-06-04T11:39:54.089517,54.501,54.501,13589,13589,27178,2.1742,51.5,0,,,,,,,,,,,,3.0,1346.0,43.0,51.9,18733.0,0,75
995,2026-06-04T11:39:54.189570,55.74,55.74,13571,13571,27142,2.1714,52.2,0,,,,,,,,,,,,3.0,1346.0,43.0,46.2,18733.0,0,75
996,2026-06-04T11:39:54.305961,50.491,50.491,13638,13638,27276,2.1821,51.7,0,,,,,,,,,,,,3.0,1346.0,43.0,53.9,18728.0,0,75
997,2026-06-04T11:39:54.405943,50.44,50.44,13545,13545,27090,2.1672,51.8,0,,,,,,,,,,,,3.0,1346.0,43.0,50.4,18729.0,0,75
998,2026-06-04T11:39:54.502386,39.411,39.411,13577,13577,27154,2.1723,47.2,0,,,,,,,,,,,,3.0,1346.0,43.0,47.5,18729.0,0,75
999,2026-06-04T11:39:54.605937,50.471,50.471,13634,13634,27268,2.1814,48.1,0,,,,,,,,,,,,3.0,1346.0,43.0,48.6,18731.0,0,75
1000,2026-06-04T11:39:54.705932,42.368,42.368,13810,13810,27620,2.2096,39.9,0,,,,,,,,,,,,3.0,1346.0,43.0,47.5,18730.0,0,75
1001,2026-06-04T11:39:54.806193,50.221,50.221,13496,13496,26992,2.1594,51.4,0,,,,,,,,,,,,3.0,1346.0,43.0,47.5,18730.0,0,75
1002,2026-06-04T11:39:54.905960,49.045,49.045,13770,13770,27540,2.2032,46.1,0,,,,,,,,,,,,3.0,1346.0,43.0,54.6,18733.0,0,75
1003,2026-06-04T11:39:55.006150,49.914,49.914,13768,13768,27536,2.2029,46.4,0,,,,,,,,,,,,3.0,1346.0,43.0,47.5,18730.0,0,75
1004,2026-06-04T11:39:55.109730,46.711,46.711,13573,13573,27146,2.1717,54.2,0,,,,,,,,,,,,3.0,1346.0,43.0,48.9,18730.0,0,75
1005,2026-06-04T11:39:55.205933,54.597,54.597,13783,13783,27566,2.2053,52.6,0,,,,,,,,,,,,3.0,1346.0,43.0,50.4,18730.0,0,75
1006,2026-06-04T11:39:55.305965,50.531,50.531,13807,13807,27614,2.2091,54.5,0,,,,,,,,,,,,3.0,1346.0,43.0,63.1,18729.0,0,75
1007,2026-06-04T11:39:55.405927,50.475,50.475,13554,13554,27108,2.1686,48.1,0,,,,,,,,,,,,3.0,1346.0,43.0,49.6,18732.0,0,75
1008,2026-06-04T11:39:55.505932,50.514,50.514,13810,13810,27620,2.2096,52.1,0,,,,,,,,,,,,3.0,1346.0,43.0,47.5,18731.0,0,75
1009,2026-06-04T11:39:55.605945,50.491,50.491,13777,13777,27554,2.2043,48.2,0,,,,,,,,,,,,3.0,1346.0,43.0,51.4,18728.0,0,75
1010,2026-06-04T11:39:55.705946,50.527,50.527,13530,13530,27060,2.1648,50.5,0,,,,,,,,,,,,3.0,1346.0,43.0,46.7,18729.0,0,75
1011,2026-06-04T11:39:55.805958,50.556,50.556,13426,13426,26852,2.1482,49.9,0,,,,,,,,,,,,3.0,1346.0,43.0,47.9,18729.0,0,75
1012,2026-06-04T11:39:55.905972,53.236,53.236,13634,13634,27268,2.1814,52.7,0,,,,,,,,,,,,3.0,1346.0,43.0,52.4,18733.0,0,75
1013,2026-06-04T11:39:56.005930,42.403,42.403,13487,13487,26974,2.1579,43.0,0,,,,,,,,,,,,3.0,1346.0,43.0,47.5,18733.0,0,75
1014,2026-06-04T11:39:56.105950,50.473,50.473,13528,13528,27056,2.1645,52.0,0,,,,,,,,,,,,3.0,1346.0,43.0,49.3,18732.0,0,75
1015,2026-06-04T11:39:56.205942,50.601,50.601,13629,13629,27258,2.1806,49.8,0,,,,,,,,,,,,3.0,1346.0,43.0,46.3,18732.0,0,75
1016,2026-06-04T11:39:56.306249,50.153,50.153,13528,13528,27056,2.1645,52.1,0,,,,,,,,,,,,3.0,1346.0,43.0,51.7,18731.0,0,75
1017,2026-06-04T11:39:56.401490,54.556,54.556,13515,13515,27030,2.1624,50.8,0,,,,,,,,,,,,3.0,1346.0,43.0,59.0,18727.0,0,75
1018,2026-06-04T11:39:56.505934,50.487,50.487,13674,13674,27348,2.1878,50.2,0,,,,,,,,,,,,3.0,1346.0,43.0,44.5,18728.0,0,75
1019,2026-06-04T11:39:56.605950,53.801,53.801,13499,13499,26998,2.1598,52.4,0,,,,,,,,,,,,3.0,1346.0,43.0,50.7,18729.0,0,75
1020,2026-06-04T11:39:56.705935,50.532,50.532,13853,13853,27706,2.2165,48.6,0,,,,,,,,,,,,3.0,1346.0,43.0,53.3,18731.0,0,75
1021,2026-06-04T11:39:56.807173,49.886,49.886,13634,13634,27268,2.1814,49.7,0,,,,,,,,,,,,3.0,1346.0,43.0,47.5,18731.0,0,75
1022,2026-06-04T11:39:56.906005,50.457,50.457,13680,13680,27360,2.1888,48.5,0,,,,,,,,,,,,3.0,1346.0,43.0,51.4,18734.0,0,75
1023,2026-06-04T11:39:57.005952,50.48,50.48,13800,13800,27600,2.208,51.5,0,,,,,,,,,,,,3.0,1346.0,43.0,47.5,18733.0,0,75
1024,2026-06-04T11:39:57.105935,50.499,50.499,13629,13629,27258,2.1806,50.2,0,,,,,,,,,,,,3.0,1346.0,43.0,49.6,18733.0,0,75
1025,2026-06-04T11:39:57.205939,50.537,50.537,13752,13752,27504,2.2003,48.4,0,,,,,,,,,,,,3.0,1346.0,43.0,46.7,18732.0,0,75
1026,2026-06-04T11:39:57.305974,50.441,50.441,13639,13639,27278,2.1822,51.7,0,,,,,,,,,,,,3.0,1346.0,43.0,53.3,18732.0,0,75
1027,2026-06-04T11:39:57.405946,50.468,50.468,13626,13626,27252,2.1802,52.9,0,,,,,,,,,,,,3.0,1346.0,43.0,51.1,18748.0,0,75
1028,2026-06-04T11:39:57.505928,50.507,50.507,13758,13758,27516,2.2013,48.5,0,,,,,,,,,,,,3.0,1346.0,43.0,47.5,18733.0,0,75
1029,2026-06-04T11:39:57.605953,51.951,51.951,13598,13598,27196,2.1757,50.9,0,,,,,,,,,,,,3.0,1346.0,43.0,50.4,18732.0,0,75
1030,2026-06-04T11:39:57.705935,50.465,50.465,13732,13732,27464,2.1971,51.9,0,,,,,,,,,,,,3.0,1346.0,43.0,47.5,18733.0,0,75
1031,2026-06-04T11:39:57.805935,50.586,50.586,13530,13530,27060,2.1648,49.8,0,,,,,,,,,,,,3.0,1346.0,43.0,47.9,18732.0,0,75
1032,2026-06-04T11:39:57.906876,49.585,49.585,13582,13582,27164,2.1731,48.3,0,,,,,,,,,,,,3.0,1346.0,43.0,54.3,18735.0,0,75
1033,2026-06-04T11:39:58.005961,50.45,50.45,13715,13715,27430,2.1944,50.0,0,,,,,,,,,,,,3.0,1346.0,43.0,47.1,18734.0,0,75
1034,2026-06-04T11:39:58.105941,36.506,36.506,13591,13591,27182,2.1746,44.7,0,,,,,,,,,,,,3.0,1346.0,43.0,49.6,18733.0,0,75
1035,2026-06-04T11:39:58.206720,49.788,49.788,13558,13558,27116,2.1693,53.0,0,,,,,,,,,,,,3.0,1346.0,43.0,47.9,18733.0,0,75
1036,2026-06-04T11:39:58.305971,48.262,48.262,13713,13713,27426,2.1941,44.9,0,,,,,,,,,,,,3.0,1346.0,43.0,52.9,18730.0,0,75
1037,2026-06-04T11:39:58.406157,50.341,50.341,13598,13598,27196,2.1757,53.4,0,,,,,,,,,,,,3.0,1346.0,43.0,52.8,18729.0,0,75
1038,2026-06-04T11:39:58.505943,50.476,50.476,13588,13588,27176,2.1741,47.4,0,,,,,,,,,,,,3.0,1346.0,43.0,51.7,18733.0,0,75
1039,2026-06-04T11:39:58.605961,51.096,51.096,13686,13686,27372,2.1898,49.8,0,,,,,,,,,,,,3.0,1346.0,43.0,49.3,18730.0,0,75
1040,2026-06-04T11:39:58.707238,40.91,40.91,13633,13633,27266,2.1813,45.3,0,,,,,,,,,,,,3.0,1346.0,43.0,48.4,18731.0,0,75
1041,2026-06-04T11:39:58.805933,51.054,51.054,13299,13299,26598,2.1278,52.3,0,,,,,,,,,,,,3.0,1346.0,43.0,47.9,18730.0,0,75
1042,2026-06-04T11:39:58.906426,50.06,50.06,13612,13612,27224,2.1779,48.9,0,,,,,,,,,,,,3.0,1346.0,43.0,51.1,18735.0,0,75
1043,2026-06-04T11:39:59.005921,50.49,50.49,13627,13627,27254,2.1803,50.4,0,,,,,,,,,,,,3.0,1346.0,43.0,47.5,18734.0,0,75
1044,2026-06-04T11:39:59.106623,49.87,49.87,13399,13399,26798,2.1438,48.2,0,,,,,,,,,,,,3.0,1346.0,43.0,48.9,18734.0,0,75
1045,2026-06-04T11:39:59.205956,50.623,50.623,13626,13626,27252,2.1802,50.9,0,,,,,,,,,,,,3.0,1346.0,43.0,54.1,18733.0,0,75
1046,2026-06-04T11:39:59.305927,50.481,50.481,13630,13630,27260,2.1808,52.1,0,,,,,,,,,,,,3.0,1346.0,43.0,53.3,18733.0,0,75
1047,2026-06-04T11:39:59.401811,43.592,43.592,13389,13389,26778,2.1422,49.6,0,,,,,,,,,,,,3.0,1346.0,43.0,54.8,18732.0,0,75
1048,2026-06-04T11:39:59.506862,49.719,49.719,13637,13637,27274,2.1819,53.3,0,,,,,,,,,,,,3.0,1346.0,43.0,45.7,18732.0,0,75
1049,2026-06-04T11:39:59.605931,51.543,51.543,13609,13609,27218,2.1774,49.8,0,,,,,,,,,,,,3.0,1346.0,43.0,52.5,18733.0,0,75
1050,2026-06-04T11:39:59.706711,49.747,49.747,13581,13581,27162,2.173,49.2,0,,,,,,,,,,,,3.0,1346.0,43.0,47.9,18731.0,0,75
1051,2026-06-04T11:39:59.805949,49.462,49.462,13481,13481,26962,2.157,46.2,0,,,,,,,,,,,,3.0,1346.0,43.0,47.5,18728.0,0,75
1052,2026-06-04T11:39:59.905930,54.783,54.783,13657,13657,27314,2.1851,51.6,0,,,,,,,,,,,,3.0,1346.0,43.0,53.2,18738.0,0,75
1053,2026-06-04T11:40:00.005978,50.496,50.496,13565,13565,27130,2.1704,55.0,0,,,,,,,,,,,,3.0,1346.0,43.0,50.4,18739.0,0,75
1054,2026-06-04T11:40:00.105920,50.644,50.644,13557,13557,27114,2.1691,50.3,0,,,,,,,,,,,,3.0,1346.0,43.0,50.7,18736.0,0,75
1055,2026-06-04T11:40:00.205927,50.541,50.541,13645,13645,27290,2.1832,49.7,0,,,,,,,,,,,,3.0,1346.0,43.0,47.1,18737.0,0,75
1056,2026-06-04T11:40:00.305961,50.506,50.506,13607,13607,27214,2.1771,50.8,0,,,,,,,,,,,,3.0,1346.0,43.0,51.7,18736.0,0,75
1057,2026-06-04T11:40:00.405952,50.513,50.513,13565,13565,27130,2.1704,48.6,0,,,,,,,,,,,,3.0,1346.0,43.0,52.9,18735.0,0,75
1058,2026-06-04T11:40:00.506668,35.139,35.139,13676,13676,27352,2.1882,45.4,0,,,,,,,,,,,,3.0,1346.0,43.0,47.1,18734.0,0,75
1059,2026-06-04T11:40:00.605946,51.606,51.606,13594,13594,27188,2.175,51.3,0,,,,,,,,,,,,3.0,1346.0,43.0,52.1,18736.0,0,75
1060,2026-06-04T11:40:00.705942,50.506,50.506,13673,13673,27346,2.1877,54.0,0,,,,,,,,,,,,3.0,1346.0,43.0,48.3,18735.0,0,75
1061,2026-06-04T11:40:00.805950,50.506,50.506,13450,13450,26900,2.152,48.0,0,,,,,,,,,,,,3.0,1346.0,43.0,47.2,18734.0,0,75
1062,2026-06-04T11:40:00.905939,49.485,49.485,13599,13599,27198,2.1758,46.9,0,,,,,,,,,,,,3.0,1346.0,43.0,57.1,18739.0,0,75
1063,2026-06-04T11:40:01.006671,49.822,49.822,13674,13674,27348,2.1878,51.1,0,,,,,,,,,,,,3.0,1346.0,43.0,49.6,18736.0,0,75
1064,2026-06-04T11:40:01.105935,50.518,50.518,13526,13526,27052,2.1642,49.5,0,,,,,,,,,,,,3.0,1346.0,43.0,51.1,18733.0,0,75
1065,2026-06-04T11:40:01.206675,49.87,49.87,13605,13605,27210,2.1768,52.9,0,,,,,,,,,,,,3.0,1346.0,43.0,46.7,18735.0,0,75
1066,2026-06-04T11:40:01.306695,49.763,49.763,13689,13689,27378,2.1902,48.3,0,,,,,,,,,,,,3.0,1346.0,43.0,54.2,18733.0,0,75
1067,2026-06-04T11:40:01.405918,50.473,50.473,13522,13522,27044,2.1635,50.4,0,,,,,,,,,,,,3.0,1346.0,43.0,54.0,18733.0,0,75
1068,2026-06-04T11:40:01.506555,49.886,49.886,13645,13645,27290,2.1832,50.2,0,,,,,,,,,,,,3.0,1346.0,43.0,46.7,18732.0,0,75
1069,2026-06-04T11:40:01.605956,54.004,54.004,13678,13678,27356,2.1885,51.2,0,,,,,,,,,,,,3.0,1346.0,43.0,51.1,18732.0,0,75
1070,2026-06-04T11:40:01.705973,50.219,50.219,13534,13534,27068,2.1654,49.9,0,,,,,,,,,,,,3.0,1346.0,43.0,49.6,18733.0,0,75
1071,2026-06-04T11:40:01.805931,50.519,50.519,13335,13335,26670,2.1336,52.0,0,,,,,,,,,,,,3.0,1346.0,43.0,48.4,18733.0,0,75
1072,2026-06-04T11:40:01.905945,54.814,54.814,13582,13582,27164,2.1731,51.8,0,,,,,,,,,,,,3.0,1346.0,43.0,50.4,18736.0,0,75
1073,2026-06-04T11:40:02.005944,50.496,50.496,13521,13521,27042,2.1634,50.7,0,,,,,,,,,,,,3.0,1346.0,43.0,47.5,18736.0,0,75
1074,2026-06-04T11:40:02.105938,50.106,50.106,13421,13421,26842,2.1474,46.9,0,,,,,,,,,,,,3.0,1346.0,43.0,50.0,18733.0,0,75
1075,2026-06-04T11:40:02.222576,50.536,50.536,13578,13578,27156,2.1725,48.4,0,,,,,,,,,,,,3.0,1346.0,43.0,46.2,18734.0,0,75
1076,2026-06-04T11:40:02.322618,50.46,50.46,13526,13526,27052,2.1642,47.6,0,,,,,,,,,,,,3.0,1346.0,43.0,55.9,18731.0,0,75
1077,2026-06-04T11:40:02.422594,54.01,54.01,13426,13426,26852,2.1482,53.7,0,,,,,,,,,,,,3.0,1346.0,43.0,50.0,18732.0,0,75
1078,2026-06-04T11:40:02.522616,51.996,51.996,13601,13601,27202,2.1762,50.0,0,,,,,,,,,,,,3.0,1346.0,43.0,47.5,18729.0,0,75
1079,2026-06-04T11:40:02.622642,51.933,51.933,13512,13512,27024,2.1619,51.0,0,,,,,,,,,,,,3.0,1346.0,43.0,49.6,18730.0,0,75
1080,2026-06-04T11:40:02.722646,52.001,52.001,13674,13674,27348,2.1878,48.4,0,,,,,,,,,,,,3.0,1346.0,43.0,49.2,18748.0,0,75
1081,2026-06-04T11:40:02.822597,55.67,55.67,13517,13517,27034,2.1627,52.4,0,,,,,,,,,,,,3.0,1346.0,43.0,47.5,18733.0,0,75
1082,2026-06-04T11:40:02.922604,52.044,52.044,13636,13636,27272,2.1818,47.8,0,,,,,,,,,,,,3.0,1346.0,43.0,49.3,18737.0,0,75
1083,2026-06-04T11:40:03.023324,51.301,51.301,13674,13674,27348,2.1878,52.1,0,,,,,,,,,,,,3.0,1346.0,43.0,47.1,18736.0,0,75
1084,2026-06-04T11:40:03.122586,52.027,52.027,13592,13592,27184,2.1747,52.2,0,,,,,,,,,,,,3.0,1346.0,43.0,50.4,18736.0,0,75
1085,2026-06-04T11:40:03.222598,52.043,52.043,13622,13622,27244,2.1795,52.8,0,,,,,,,,,,,,3.0,1346.0,43.0,47.5,18735.0,0,75
1086,2026-06-04T11:40:03.322634,50.487,50.487,13698,13698,27396,2.1917,47.6,0,,,,,,,,,,,,3.0,1346.0,43.0,53.8,18735.0,0,75
1087,2026-06-04T11:40:03.422590,47.827,47.827,13598,13598,27196,2.1757,44.7,0,,,,,,,,,,,,3.0,1346.0,43.0,51.0,18735.0,0,75
1088,2026-06-04T11:40:03.522600,51.471,51.471,13645,13645,27290,2.1832,52.6,0,,,,,,,,,,,,3.0,1346.0,43.0,47.5,18734.0,0,75
1089,2026-06-04T11:40:03.622591,51.641,51.641,13686,13686,27372,2.1898,49.6,0,,,,,,,,,,,,3.0,1346.0,43.0,52.1,18734.0,0,75
1090,2026-06-04T11:40:03.722612,57.371,57.371,13688,13688,27376,2.1901,54.6,0,,,,,,,,,,,,3.0,1346.0,43.0,46.7,18729.0,0,75
1091,2026-06-04T11:40:03.822587,51.596,51.596,13406,13406,26812,2.145,53.2,0,,,,,,,,,,,,3.0,1346.0,43.0,52.5,18731.0,0,75
1092,2026-06-04T11:40:03.922971,51.288,51.288,13691,13691,27382,2.1906,51.6,0,,,,,,,,,,,,3.0,1346.0,43.0,50.4,18736.0,0,75
1093,2026-06-04T11:40:04.022614,51.533,51.533,13694,13694,27388,2.191,53.8,0,,,,,,,,,,,,3.0,1346.0,43.0,47.5,18736.0,0,75
1094,2026-06-04T11:40:04.124393,50.237,50.237,13481,13481,26962,2.157,49.8,0,,,,,,,,,,,,3.0,1346.0,43.0,49.6,18735.0,0,75
1095,2026-06-04T11:40:04.222594,52.655,52.655,13682,13682,27364,2.1891,53.1,0,,,,,,,,,,,,3.0,1346.0,43.0,47.5,18735.0,0,75
1096,2026-06-04T11:40:04.323257,49.47,49.47,13706,13706,27412,2.193,46.3,0,,,,,,,,,,,,3.0,1346.0,43.0,56.4,18734.0,0,75
1097,2026-06-04T11:40:04.439257,50.542,50.542,13476,13476,26952,2.1562,48.7,0,,,,,,,,,,,,3.0,1346.0,43.0,45.9,18733.0,0,75
1098,2026-06-04T11:40:04.539476,50.264,50.264,13718,13718,27436,2.1949,48.1,0,,,,,,,,,,,,3.0,1346.0,43.0,47.5,18733.0,0,75
1099,2026-06-04T11:40:04.639258,50.462,50.462,13701,13701,27402,2.1922,47.5,0,,,,,,,,,,,,3.0,1346.0,43.0,50.4,18732.0,0,75
1100,2026-06-04T11:40:04.739999,55.366,55.366,13441,13441,26882,2.1506,54.5,0,,,,,,,,,,,,3.0,1346.0,43.0,47.5,18729.0,0,75
1101,2026-06-04T11:40:04.840515,49.414,49.414,13368,13368,26736,2.1389,50.1,0,,,,,,,,,,,,3.0,1346.0,43.0,53.7,18733.0,0,75
1102,2026-06-04T11:40:04.939269,41.988,41.988,13555,13555,27110,2.1688,45.3,0,,,,,,,,,,,,3.0,1346.0,43.0,45.7,18736.0,0,75
1103,2026-06-04T11:40:05.039264,50.595,50.595,13422,13422,26844,2.1475,49.7,0,,,,,,,,,,,,3.0,1346.0,43.0,47.5,18735.0,0,75
1104,2026-06-04T11:40:05.139278,49.704,49.704,13451,13451,26902,2.1522,46.4,0,,,,,,,,,,,,3.0,1346.0,43.0,50.7,18735.0,0,75
1105,2026-06-04T11:40:05.239249,55.124,55.124,13559,13559,27118,2.1694,54.1,0,,,,,,,,,,,,3.0,1346.0,43.0,47.5,18734.0,0,75
1106,2026-06-04T11:40:05.340156,49.702,49.702,13430,13430,26860,2.1488,54.0,0,,,,,,,,,,,,3.0,1346.0,43.0,58.7,18731.0,0,75
1107,2026-06-04T11:40:05.439269,50.483,50.483,13436,13436,26872,2.1498,53.2,0,,,,,,,,,,,,3.0,1346.0,43.0,48.0,18733.0,0,75
1108,2026-06-04T11:40:05.539264,50.604,50.604,13585,13585,27170,2.1736,53.1,0,,,,,,,,,,,,3.0,1346.0,43.0,47.1,18729.0,0,75
1109,2026-06-04T11:40:05.639283,50.48,50.48,13418,13418,26836,2.1469,52.1,0,,,,,,,,,,,,3.0,1346.0,43.0,51.1,18730.0,0,75
1110,2026-06-04T11:40:05.739502,56.536,56.536,13334,13334,26668,2.1334,53.9,0,,,,,,,,,,,,3.0,1346.0,43.0,47.5,18727.0,0,75
1111,2026-06-04T11:40:05.840333,55.778,55.778,13127,13127,26254,2.1003,54.6,0,,,,,,,,,,,,3.0,1346.0,43.0,51.5,18727.0,0,75
1112,2026-06-04T11:40:05.939439,52.677,52.677,13184,13184,26368,2.1094,51.5,0,,,,,,,,,,,,3.0,1346.0,43.0,48.8,18736.0,0,75
1113,2026-06-04T11:40:06.039272,50.494,50.494,13326,13326,26652,2.1322,48.4,0,,,,,,,,,,,,3.0,1346.0,43.0,49.2,18735.0,0,75
1114,2026-06-04T11:40:06.139260,55.819,55.819,13213,13213,26426,2.1141,53.5,0,,,,,,,,,,,,3.0,1346.0,43.0,48.9,18735.0,0,75
1115,2026-06-04T11:40:06.239271,55.917,55.917,13185,13185,26370,2.1096,53.1,0,,,,,,,,,,,,3.0,1346.0,43.0,47.5,18732.0,0,75
1116,2026-06-04T11:40:06.339326,51.06,51.06,13356,13356,26712,2.137,47.0,0,,,,,,,,,,,,3.0,1346.0,43.0,56.4,18733.0,0,75
1117,2026-06-04T11:40:06.439454,50.393,50.393,13226,13226,26452,2.1162,49.0,0,,,,,,,,,,,,3.0,1346.0,43.0,46.9,18732.0,0,75
1118,2026-06-04T11:40:06.539380,47.195,47.195,13219,13219,26438,2.115,44.5,0,,,,,,,,,,,,3.0,1346.0,43.0,47.9,18732.0,0,75
1119,2026-06-04T11:40:06.639240,50.513,50.513,13326,13326,26652,2.1322,50.4,0,,,,,,,,,,,,3.0,1346.0,43.0,49.6,18731.0,0,75
1120,2026-06-04T11:40:06.742888,46.941,46.941,13590,13590,27180,2.1744,48.7,0,,,,,,,,,,,,3.0,1346.0,43.0,47.5,18731.0,0,75
1121,2026-06-04T11:40:06.839304,50.653,50.653,13249,13249,26498,2.1198,50.6,0,,,,,,,,,,,,3.0,1346.0,43.0,50.4,18730.0,0,75
1122,2026-06-04T11:40:06.940667,51.909,51.909,13602,13602,27204,2.1763,50.0,0,,,,,,,,,,,,3.0,1346.0,43.0,47.8,18721.0,0,75
1123,2026-06-04T11:40:07.039260,50.509,50.509,13591,13591,27182,2.1746,49.0,0,,,,,,,,,,,,3.0,1346.0,43.0,48.3,18723.0,0,75
1124,2026-06-04T11:40:07.139276,42.207,42.207,13358,13358,26716,2.1373,45.5,0,,,,,,,,,,,,3.0,1346.0,43.0,49.6,18725.0,0,75
1125,2026-06-04T11:40:07.239264,50.621,50.621,13592,13592,27184,2.1747,51.7,0,,,,,,,,,,,,3.0,1346.0,43.0,47.5,18726.0,0,75
1126,2026-06-04T11:40:07.339309,50.554,50.554,13606,13606,27212,2.177,51.2,0,,,,,,,,,,,,3.0,1346.0,43.0,58.6,18732.0,0,75
1127,2026-06-04T11:40:07.439266,50.515,50.515,13366,13366,26732,2.1386,53.2,0,,,,,,,,,,,,3.0,1346.0,43.0,48.4,18735.0,0,75
1128,2026-06-04T11:40:07.539260,42.455,42.455,13631,13631,27262,2.181,45.7,0,,,,,,,,,,,,3.0,1346.0,43.0,47.5,18732.0,0,75
1129,2026-06-04T11:40:07.639508,41.721,41.721,13583,13583,27166,2.1733,44.7,0,,,,,,,,,,,,3.0,1346.0,43.0,48.2,18732.0,0,75
1130,2026-06-04T11:40:07.739295,50.457,50.457,13474,13474,26948,2.1558,52.8,0,,,,,,,,,,,,3.0,1346.0,43.0,47.5,18733.0,0,75
1131,2026-06-04T11:40:07.839249,49.963,49.963,13382,13382,26764,2.1411,45.8,0,,,,,,,,,,,,3.0,1346.0,43.0,50.7,18730.0,0,75
1132,2026-06-04T11:40:07.941025,51.275,51.275,13559,13559,27118,2.1694,52.2,0,,,,,,,,,,,,3.0,1346.0,43.0,48.8,18734.0,0,75
1133,2026-06-04T11:40:08.039254,50.638,50.638,13462,13462,26924,2.1539,49.2,0,,,,,,,,,,,,3.0,1346.0,43.0,52.1,18717.0,0,75
1134,2026-06-04T11:40:08.139240,42.083,42.083,13469,13469,26938,2.155,39.6,0,,,,,,,,,,,,3.0,1346.0,43.0,49.6,18722.0,0,75
1135,2026-06-04T11:40:08.239451,50.32,50.32,13550,13550,27100,2.168,49.6,0,,,,,,,,,,,,3.0,1346.0,43.0,46.7,18722.0,0,75
1136,2026-06-04T11:40:08.339283,53.447,53.447,13492,13492,26984,2.1587,50.7,0,,,,,,,,,,,,3.0,1346.0,43.0,57.5,18728.0,0,75
1137,2026-06-04T11:40:08.439256,50.48,50.48,13461,13461,26922,2.1538,51.4,0,,,,,,,,,,,,3.0,1346.0,43.0,52.7,18731.0,0,75
1138,2026-06-04T11:40:08.539248,50.478,50.478,13569,13569,27138,2.171,49.6,0,,,,,,,,,,,,3.0,1346.0,43.0,47.1,18729.0,0,75
1139,2026-06-04T11:40:08.639254,50.611,50.611,13479,13479,26958,2.1566,49.2,0,,,,,,,,,,,,3.0,1346.0,43.0,49.3,18730.0,0,75
1140,2026-06-04T11:40:08.739301,50.557,50.557,13547,13547,27094,2.1675,53.5,0,,,,,,,,,,,,3.0,1346.0,43.0,47.5,18730.0,0,75
1141,2026-06-04T11:40:08.840031,54.924,54.924,13308,13308,26616,2.1293,53.0,0,,,,,,,,,,,,3.0,1346.0,43.0,51.1,18729.0,0,75
1142,2026-06-04T11:40:08.939304,55.336,55.336,13455,13455,26910,2.1528,52.1,0,,,,,,,,,,,,3.0,1346.0,43.0,45.7,18734.0,0,75
1143,2026-06-04T11:40:09.040136,49.644,49.644,13531,13531,27062,2.165,49.3,0,,,,,,,,,,,,3.0,1346.0,43.0,49.2,18737.0,0,75
1144,2026-06-04T11:40:09.138205,51.581,51.581,13380,13380,26760,2.1408,49.5,0,,,,,,,,,,,,3.0,1346.0,43.0,61.5,18724.0,0,75
1145,2026-06-04T11:40:09.239252,56.785,56.785,13472,13472,26944,2.1555,53.6,0,,,,,,,,,,,,3.0,1346.0,43.0,44.9,18726.0,0,75
1146,2026-06-04T11:40:09.356197,50.279,50.279,13559,13559,27118,2.1694,49.3,0,,,,,,,,,,,,3.0,1346.0,43.0,55.3,18733.0,0,75
1147,2026-06-04T11:40:09.455950,54.564,54.564,13377,13377,26754,2.1403,51.4,0,,,,,,,,,,,,3.0,1346.0,43.0,47.5,18734.0,0,75
1148,2026-06-04T11:40:09.556662,49.808,49.808,13499,13499,26998,2.1598,47.4,0,,,,,,,,,,,,3.0,1346.0,43.0,47.5,18734.0,0,75
1149,2026-06-04T11:40:09.657143,51.342,51.342,13550,13550,27100,2.168,51.4,0,,,,,,,,,,,,3.0,1346.0,43.0,52.1,18733.0,0,75
1150,2026-06-04T11:40:09.756154,50.27,50.27,13581,13581,27162,2.173,47.2,0,,,,,,,,,,,,3.0,1346.0,43.0,47.5,18730.0,0,75
1151,2026-06-04T11:40:09.858121,50.357,50.357,13365,13365,26730,2.1384,50.2,0,,,,,,,,,,,,3.0,1346.0,43.0,49.6,18731.0,0,75
1152,2026-06-04T11:40:09.955957,41.239,41.239,13638,13638,27276,2.1821,44.0,0,,,,,,,,,,,,3.0,1346.0,43.0,50.0,18736.0,0,75
1153,2026-06-04T11:40:10.055938,57.239,57.239,13554,13554,27108,2.1686,54.8,0,,,,,,,,,,,,3.0,1346.0,43.0,47.1,18734.0,0,75
1154,2026-06-04T11:40:10.155913,52.61,52.61,13476,13476,26952,2.1562,51.7,0,,,,,,,,,,,,3.0,1346.0,43.0,54.2,18723.0,0,75
1155,2026-06-04T11:40:10.255924,50.616,50.616,13622,13622,27244,2.1795,48.7,0,,,,,,,,,,,,3.0,1346.0,43.0,47.5,18725.0,0,75
1156,2026-06-04T11:40:10.355942,52.599,52.599,13569,13569,27138,2.171,52.9,0,,,,,,,,,,,,3.0,1346.0,43.0,54.6,18728.0,0,75
