epoch,step,train/cardinality_error,train/cardinality_error_0,train/cardinality_error_1,train/cardinality_error_2,train/cardinality_error_enc,train/class_error,train/loss,train/loss_bbox,train/loss_bbox_0,train/loss_bbox_1,train/loss_bbox_2,train/loss_bbox_enc,train/loss_ce,train/loss_ce_0,train/loss_ce_1,train/loss_ce_2,train/loss_ce_enc,train/loss_giou,train/loss_giou_0,train/loss_giou_1,train/loss_giou_2,train/loss_giou_enc,train/lr,train/lr_max,train/lr_min,val/AP/aluminium_foil,val/AP/bottle,val/AP/cement_dust,val/AP/floor,val/AP/obstacle,val/AP/paper,val/AP/wooden_dust,val/AP/wrapper,val/F1,val/ema_mAP_50,val/ema_mAP_50_95,val/ema_mAR,val/loss,val/mAP_50,val/mAP_50_95,val/mAP_75,val/mAR,val/precision,val/recall
0,49,,,,,,,,,,,,,,,,,,,,,,,0.00010026393283624202,0.00010026393283624202,3.232564267818816e-06,,,,,,,,,,,,,,,,,,,
0,99,,,,,,,,,,,,,,,,,,,,,,,0.00010026393283624202,0.00010026393283624202,3.232564267818816e-06,,,,,,,,,,,,,,,,,,,
0,149,,,,,,,,,,,,,,,,,,,,,,,0.00010026393283624202,0.00010026393283624202,3.232564267818816e-06,,,,,,,,,,,,,,,,,,,
0,152,,,,,,,,,,,,,,,,,,,,,,,,,,0.9799445271492004,0.8429219722747803,0.6230693459510803,0.8969406485557556,0.7222760319709778,0.8401894569396973,0.6780128479003906,0.8855240941047668,0.8618055582046509,0.9016246795654297,0.8083716630935669,0.9229112863540649,4.852525234222412,0.9036970734596252,0.8086098432540894,0.8503847718238831,0.9208477139472961,0.8784310817718506,0.8501573204994202
0,152,3892.23193359375,3884.761962890625,3887.874267578125,3891.116455078125,3891.375732421875,10.638782501220703,6.242605686187744,0.04189889505505562,0.04635044187307358,0.04446271061897278,0.04292822256684303,0.06819596886634827,0.7350523471832275,0.8356510996818542,0.7552038431167603,0.7407039403915405,0.8313362002372742,0.09804045408964157,0.10852508246898651,0.10395273566246033,0.10039185732603073,0.1518278867006302,,,,,,,,,,,,,,,,,,,,,,
1,199,,,,,,,,,,,,,,,,,,,,,,,0.00010026393283624202,0.00010026393283624202,3.232564267818816e-06,,,,,,,,,,,,,,,,,,,
1,249,,,,,,,,,,,,,,,,,,,,,,,0.00010026393283624202,0.00010026393283624202,3.232564267818816e-06,,,,,,,,,,,,,,,,,,,
1,299,,,,,,,,,,,,,,,,,,,,,,,0.00010026393283624202,0.00010026393283624202,3.232564267818816e-06,,,,,,,,,,,,,,,,,,,
1,305,,,,,,,,,,,,,,,,,,,,,,,,,,0.9617816209793091,0.8449336290359497,0.6062403321266174,0.8903961181640625,0.7179884314537048,0.8432923555374146,0.7171502709388733,0.8840270042419434,0.8687542676925659,0.911171019077301,0.8137311339378357,0.9253731369972229,4.833549499511719,0.9025890231132507,0.8082262277603149,0.8497065305709839,0.9274349212646484,0.8816907405853271,0.8672931790351868
1,305,3893.96044921875,3892.10546875,3892.400390625,3891.894287109375,3894.281005859375,2.9466936588287354,5.437948226928711,0.03990017622709274,0.042885150760412216,0.04217076301574707,0.04106757417321205,0.06528618186712265,0.591797947883606,0.705578625202179,0.6168861985206604,0.5967658758163452,0.721552848815918,0.09133020043373108,0.09993632882833481,0.09667208045721054,0.09352511167526245,0.14294445514678955,,,,,,,,,,,,,,,,,,,,,,
2,349,,,,,,,,,,,,,,,,,,,,,,,0.00010026393283624202,0.00010026393283624202,3.232564267818816e-06,,,,,,,,,,,,,,,,,,,
2,399,,,,,,,,,,,,,,,,,,,,,,,0.00010026393283624202,0.00010026393283624202,3.232564267818816e-06,,,,,,,,,,,,,,,,,,,
2,449,,,,,,,,,,,,,,,,,,,,,,,0.00010026393283624202,0.00010026393283624202,3.232564267818816e-06,,,,,,,,,,,,,,,,,,,
2,458,,,,,,,,,,,,,,,,,,,,,,,,,,0.9668630957603455,0.8463525176048279,0.6764509081840515,0.8950223922729492,0.7474909424781799,0.8477017879486084,0.7319543957710266,0.8823261260986328,0.9020700454711914,0.924261748790741,0.8282346129417419,0.9226764440536499,4.604369640350342,0.9197975397109985,0.8242703080177307,0.8719291687011719,0.9250199794769287,0.9153254628181458,0.8930522799491882
2,458,3894.03271484375,3892.978759765625,3892.775634765625,3891.948974609375,3894.2900390625,2.689528465270996,5.191309928894043,0.03811579570174217,0.04208237677812576,0.040802642703056335,0.03917504847049713,0.06440712511539459,0.5648170113563538,0.6621080040931702,0.5831223726272583,0.5680748820304871,0.6792083382606506,0.08741249144077301,0.09705238789319992,0.09320542216300964,0.08964940160512924,0.13821229338645935,,,,,,,,,,,,,,,,,,,,,,
3,499,,,,,,,,,,,,,,,,,,,,,,,0.00010026393283624202,0.00010026393283624202,3.232564267818816e-06,,,,,,,,,,,,,,,,,,,
3,549,,,,,,,,,,,,,,,,,,,,,,,0.00010026393283624202,0.00010026393283624202,3.232564267818816e-06,,,,,,,,,,,,,,,,,,,
3,599,,,,,,,,,,,,,,,,,,,,,,,0.00010026393283624202,0.00010026393283624202,3.232564267818816e-06,,,,,,,,,,,,,,,,,,,
3,611,,,,,,,,,,,,,,,,,,,,,,,,,,0.9803577065467834,0.851141095161438,0.6800612211227417,0.8971606492996216,0.7589787840843201,0.8479889631271362,0.7563658952713013,0.8956862092018127,0.899779200553894,0.920035719871521,0.8318172693252563,0.929232120513916,4.555097579956055,0.9240508675575256,0.8334675431251526,0.8766929507255554,0.9277573227882385,0.9170758128166199,0.8873361945152283
3,611,3894.028564453125,3893.449462890625,3892.6123046875,3891.38037109375,3894.326904296875,2.2725934982299805,5.07468318939209,0.03813377022743225,0.04182175546884537,0.04039262235164642,0.038870058953762054,0.0659913420677185,0.5430378317832947,0.6331455707550049,0.5617740154266357,0.5470224022865295,0.6530203819274902,0.0870399922132492,0.09627024829387665,0.09232442826032639,0.08880013972520828,0.14088332653045654,,,,,,,,,,,,,,,,,,,,,,
4,649,,,,,,,,,,,,,,,,,,,,,,,0.00010026393283624202,0.00010026393283624202,3.232564267818816e-06,,,,,,,,,,,,,,,,,,,
4,699,,,,,,,,,,,,,,,,,,,,,,,0.00010026393283624202,0.00010026393283624202,3.232564267818816e-06,,,,,,,,,,,,,,,,,,,
4,749,,,,,,,,,,,,,,,,,,,,,,,0.00010026393283624202,0.00010026393283624202,3.232564267818816e-06,,,,,,,,,,,,,,,,,,,
4,764,,,,,,,,,,,,,,,,,,,,,,,,,,0.9664826989173889,0.8534766435623169,0.6832678318023682,0.8970737457275391,0.7453711628913879,0.843684732913971,0.7470888495445251,0.8533943891525269,0.8916126489639282,0.9254108667373657,0.8359887599945068,0.9286146759986877,4.584051609039307,0.9152224063873291,0.8237299919128418,0.871913492679596,0.9217386841773987,0.8930439352989197,0.8921391367912292
4,764,3894.143798828125,3893.1025390625,3892.5849609375,3892.028564453125,3894.305908203125,2.1393730640411377,4.897034168243408,0.036685433238744736,0.040184102952480316,0.03875262290239334,0.037490472197532654,0.06407386809587479,0.5205797553062439,0.612359344959259,0.5403910875320435,0.5258780717849731,0.6392747759819031,0.0832361951470375,0.09245968610048294,0.08823024481534958,0.08546571433544159,0.13691774010658264,,,,,,,,,,,,,,,,,,,,,,
5,799,,,,,,,,,,,,,,,,,,,,,,,0.00010026393283624202,0.00010026393283624202,3.232564267818816e-06,,,,,,,,,,,,,,,,,,,
5,849,,,,,,,,,,,,,,,,,,,,,,,0.00010026393283624202,0.00010026393283624202,3.232564267818816e-06,,,,,,,,,,,,,,,,,,,
5,899,,,,,,,,,,,,,,,,,,,,,,,0.00010026393283624202,0.00010026393283624202,3.232564267818816e-06,,,,,,,,,,,,,,,,,,,
5,917,,,,,,,,,,,,,,,,,,,,,,,,,,0.9504832625389099,0.8587973713874817,0.6800076365470886,0.8995876312255859,0.7471000552177429,0.8543485403060913,0.7407399415969849,0.8762446045875549,0.899917721748352,0.922360897064209,0.8339899182319641,0.9292667508125305,4.548096179962158,0.9165982604026794,0.8259136080741882,0.8684445023536682,0.9199032783508301,0.9043036699295044,0.8971461653709412
5,917,3894.204345703125,3892.353759765625,3891.916748046875,3892.230712890625,3894.283203125,1.9217209815979004,4.793600082397461,0.036136917769908905,0.039259906858205795,0.038085293024778366,0.036944206804037094,0.06071522831916809,0.5137788653373718,0.5951399207115173,0.5300052762031555,0.5169752836227417,0.6240774989128113,0.08308099210262299,0.09146355837583542,0.08754847943782806,0.08510297536849976,0.13176263868808746,,,,,,,,,,,,,,,,,,,,,,
6,949,,,,,,,,,,,,,,,,,,,,,,,0.00010026393283624202,0.00010026393283624202,3.232564267818816e-06,,,,,,,,,,,,,,,,,,,
6,999,,,,,,,,,,,,,,,,,,,,,,,0.00010026393283624202,0.00010026393283624202,3.232564267818816e-06,,,,,,,,,,,,,,,,,,,
6,1049,,,,,,,,,,,,,,,,,,,,,,,0.00010026393283624202,0.00010026393283624202,3.232564267818816e-06,,,,,,,,,,,,,,,,,,,
6,1070,,,,,,,,,,,,,,,,,,,,,,,,,,0.9523648023605347,0.8644552230834961,0.6489190459251404,0.9000239372253418,0.7604416608810425,0.8486036658287048,0.7460125088691711,0.8940033912658691,0.8938446044921875,0.9221775531768799,0.8330916166305542,0.925481379032135,4.41580057144165,0.9163211584091187,0.8268530368804932,0.869397759437561,0.9225208759307861,0.910942792892456,0.8835560083389282
6,1070,3894.201416015625,3892.45263671875,3893.635986328125,3893.351318359375,3894.3056640625,1.7280300855636597,4.746822834014893,0.03623830899596214,0.03908718749880791,0.03774799779057503,0.036739736795425415,0.05989256873726845,0.5083827376365662,0.5902272462844849,0.5267176628112793,0.5135732293128967,0.6116828918457031,0.0827203020453453,0.09070073813199997,0.08672657608985901,0.08408986777067184,0.12961800396442413,,,,,,,,,,,,,,,,,,,,,,
7,1099,,,,,,,,,,,,,,,,,,,,,,,0.00010026393283624202,0.00010026393283624202,3.232564267818816e-06,,,,,,,,,,,,,,,,,,,
7,1149,,,,,,,,,,,,,,,,,,,,,,,0.00010026393283624202,0.00010026393283624202,3.232564267818816e-06,,,,,,,,,,,,,,,,,,,
7,1199,,,,,,,,,,,,,,,,,,,,,,,0.00010026393283624202,0.00010026393283624202,3.232564267818816e-06,,,,,,,,,,,,,,,,,,,
7,1223,,,,,,,,,,,,,,,,,,,,,,,,,,0.9556283354759216,0.8575518131256104,0.6778042912483215,0.9002717137336731,0.773686945438385,0.8440612554550171,0.7706719636917114,0.8823988437652588,0.899021327495575,0.9230121970176697,0.8330366611480713,0.926173985004425,4.598384857177734,0.9204050898551941,0.8327593803405762,0.8794072866439819,0.9212486147880554,0.9197850823402405,0.8825831413269043
7,1223,3894.29541015625,3893.31494140625,3893.806884765625,3893.97509765625,3894.350830078125,1.8389164209365845,4.675931453704834,0.03502730652689934,0.038150329142808914,0.03644590824842453,0.035314906388521194,0.061733126640319824,0.49370095133781433,0.5854517221450806,0.5147538781166077,0.500249445438385,0.6167103052139282,0.08020531386137009,0.08847527951002121,0.08400535583496094,0.08117236196994781,0.1319953054189682,,,,,,,,,,,,,,,,,,,,,,
8,1249,,,,,,,,,,,,,,,,,,,,,,,0.00010026393283624202,0.00010026393283624202,3.232564267818816e-06,,,,,,,,,,,,,,,,,,,
8,1299,,,,,,,,,,,,,,,,,,,,,,,0.00010026393283624202,0.00010026393283624202,3.232564267818816e-06,,,,,,,,,,,,,,,,,,,
8,1349,,,,,,,,,,,,,,,,,,,,,,,0.00010026393283624202,0.00010026393283624202,3.232564267818816e-06,,,,,,,,,,,,,,,,,,,
8,1376,,,,,,,,,,,,,,,,,,,,,,,,,,0.9583549499511719,0.8638566732406616,0.646134614944458,0.9041286706924438,0.7717529535293579,0.8539024591445923,0.7486889958381653,0.8895170092582703,0.9001149535179138,0.9245664477348328,0.8373851776123047,0.9261640906333923,4.450023651123047,0.923190176486969,0.8295420408248901,0.8719377517700195,0.9159780740737915,0.919218897819519,0.8873038291931152
8,1376,3894.24462890625,3892.941162109375,3893.94970703125,3893.99462890625,3894.29052734375,1.7778764963150024,4.636224269866943,0.034607212990522385,0.038574304431676865,0.03668047860264778,0.03560309857130051,0.0640038549900055,0.4815552532672882,0.5706683397293091,0.4998633563518524,0.4842747151851654,0.611480176448822,0.07971534878015518,0.08898669481277466,0.0842994824051857,0.08205446600914001,0.13546377420425415,,,,,,,,,,,,,,,,,,,,,,
9,1399,,,,,,,,,,,,,,,,,,,,,,,0.00010026393283624202,0.00010026393283624202,3.232564267818816e-06,,,,,,,,,,,,,,,,,,,
9,1449,,,,,,,,,,,,,,,,,,,,,,,0.00010026393283624202,0.00010026393283624202,3.232564267818816e-06,,,,,,,,,,,,,,,,,,,
9,1499,,,,,,,,,,,,,,,,,,,,,,,0.00010026393283624202,0.00010026393283624202,3.232564267818816e-06,,,,,,,,,,,,,,,,,,,
9,1529,,,,,,,,,,,,,,,,,,,,,,,,,,0.966870129108429,0.8642009496688843,0.6645306944847107,0.9011020064353943,0.7788777351379395,0.8625925183296204,0.7515183091163635,0.877058744430542,0.9005205035209656,0.9280945658683777,0.842742919921875,0.9256472587585449,4.3788161277771,0.9243361949920654,0.8333438634872437,0.8751029372215271,0.9265347123146057,0.9031448364257812,0.8994796276092529
9,1529,3894.17529296875,3893.28759765625,3893.93994140625,3893.961669921875,3894.283447265625,1.6865932941436768,4.532543659210205,0.034386929124593735,0.03747246414422989,0.03630444407463074,0.035084374248981476,0.05805698037147522,0.4776308536529541,0.5590516924858093,0.49615857005119324,0.4821157157421112,0.5896438360214233,0.07963403314352036,0.08805051445960999,0.08423519879579544,0.0814044252038002,0.12738488614559174,,,,,,,,,,,,,,,,,,,,,,
10,1549,,,,,,,,,,,,,,,,,,,,,,,0.00010026393283624202,0.00010026393283624202,3.232564267818816e-06,,,,,,,,,,,,,,,,,,,
10,1599,,,,,,,,,,,,,,,,,,,,,,,0.00010026393283624202,0.00010026393283624202,3.232564267818816e-06,,,,,,,,,,,,,,,,,,,
10,1649,,,,,,,,,,,,,,,,,,,,,,,0.00010026393283624202,0.00010026393283624202,3.232564267818816e-06,,,,,,,,,,,,,,,,,,,
10,1682,,,,,,,,,,,,,,,,,,,,,,,,,,0.9479078054428101,0.8676568269729614,0.6642193794250488,0.8994511365890503,0.7658787369728088,0.8657130599021912,0.747643768787384,0.8792237043380737,0.9054685235023499,0.9268090128898621,0.8429284691810608,0.9299324750900269,4.435550689697266,0.9208330512046814,0.8297117948532104,0.874350905418396,0.9196464419364929,0.912537693977356,0.9004102349281311
10,1682,3894.23193359375,3893.03515625,3893.71484375,3893.86181640625,3894.322265625,1.7038953304290771,4.473723888397217,0.03366856276988983,0.036904577165842056,0.03533056378364563,0.03416382521390915,0.05809451639652252,0.4725952744483948,0.5523720383644104,0.4917275011539459,0.47924625873565674,0.5846885442733765,0.07804117351770401,0.08606720715761185,0.081896111369133,0.07935773581266403,0.12578006088733673,,,,,,,,,,,,,,,,,,,,,,
11,1699,,,,,,,,,,,,,,,,,,,,,,,0.00010026393283624202,0.00010026393283624202,3.232564267818816e-06,,,,,,,,,,,,,,,,,,,
11,1749,,,,,,,,,,,,,,,,,,,,,,,0.00010026393283624202,0.00010026393283624202,3.232564267818816e-06,,,,,,,,,,,,,,,,,,,
11,1799,,,,,,,,,,,,,,,,,,,,,,,0.00010026393283624202,0.00010026393283624202,3.232564267818816e-06,,,,,,,,,,,,,,,,,,,
11,1835,,,,,,,,,,,,,,,,,,,,,,,,,,0.9541217684745789,0.8647276163101196,0.6776701211929321,0.9007035493850708,0.7724405527114868,0.8515689373016357,0.7413894534111023,0.8885834813117981,0.9076921343803406,0.9294400811195374,0.8401433825492859,0.9217891693115234,4.388422966003418,0.9247907400131226,0.8314006924629211,0.8708668351173401,0.9276891350746155,0.9273266792297363,0.8916386961936951
11,1835,3894.1953125,3891.82568359375,3893.0703125,3893.78271484375,3894.290771484375,1.705273151397705,4.472054481506348,0.032965514808893204,0.03638165444135666,0.03434796258807182,0.03357474133372307,0.05833018571138382,0.47610852122306824,0.5568011403083801,0.49582523107528687,0.4806253910064697,0.5896760821342468,0.07696367055177689,0.08518385142087936,0.08064638078212738,0.07867684215307236,0.12603862583637238,,,,,,,,,,,,,,,,,,,,,,
12,1849,,,,,,,,,,,,,,,,,,,,,,,0.00010026393283624202,0.00010026393283624202,3.232564267818816e-06,,,,,,,,,,,,,,,,,,,
12,1899,,,,,,,,,,,,,,,,,,,,,,,0.00010026393283624202,0.00010026393283624202,3.232564267818816e-06,,,,,,,,,,,,,,,,,,,
12,1949,,,,,,,,,,,,,,,,,,,,,,,0.00010026393283624202,0.00010026393283624202,3.232564267818816e-06,,,,,,,,,,,,,,,,,,,
12,1988,,,,,,,,,,,,,,,,,,,,,,,,,,0.9678921699523926,0.8593021631240845,0.7179419994354248,0.9045006632804871,0.7778007388114929,0.8449780344963074,0.7591238617897034,0.8777220845222473,0.9151163697242737,0.9284951090812683,0.8422185778617859,0.9269676804542542,4.331721305847168,0.9254775047302246,0.8386576771736145,0.8794528245925903,0.924473762512207,0.9354117512702942,0.8978533744812012
12,1988,3894.209228515625,3893.51220703125,3893.651611328125,3894.071533203125,3894.286865234375,1.586089849472046,4.381382942199707,0.033288709819316864,0.036560945212841034,0.03463750705122948,0.033771857619285583,0.05737540125846863,0.45303183794021606,0.5393308997154236,0.47500574588775635,0.46037906408309937,0.5772901773452759,0.07773485034704208,0.08565481007099152,0.08163012564182281,0.0792456790804863,0.12482068687677383,,,,,,,,,,,,,,,,,,,,,,
13,1999,,,,,,,,,,,,,,,,,,,,,,,0.00010026393283624202,0.00010026393283624202,3.232564267818816e-06,,,,,,,,,,,,,,,,,,,
13,2049,,,,,,,,,,,,,,,,,,,,,,,0.00010026393283624202,0.00010026393283624202,3.232564267818816e-06,,,,,,,,,,,,,,,,,,,
13,2099,,,,,,,,,,,,,,,,,,,,,,,0.00010026393283624202,0.00010026393283624202,3.232564267818816e-06,,,,,,,,,,,,,,,,,,,
13,2141,,,,,,,,,,,,,,,,,,,,,,,,,,0.9675803184509277,0.8681798577308655,0.6797887682914734,0.8997057676315308,0.7675243616104126,0.8534298539161682,0.7565270066261292,0.8827598094940186,0.9114892482757568,0.931204080581665,0.8428608179092407,0.9256166815757751,4.420172691345215,0.9289661645889282,0.8344369530677795,0.8663870096206665,0.9158071279525757,0.9274289011955261,0.8981570601463318
13,2141,3894.225830078125,3893.411376953125,3893.688720703125,3894.111572265625,3894.336181640625,1.6370292901992798,4.401162147521973,0.03330739215016365,0.03609688952565193,0.034573543816804886,0.033576421439647675,0.05886044725775719,0.4526953101158142,0.5468407869338989,0.4769956171512604,0.4592720568180084,0.5868074297904968,0.07725813239812851,0.08488625288009644,0.08092677593231201,0.07864867895841599,0.12651942670345306,,,,,,,,,,,,,,,,,,,,,,
14,2149,,,,,,,,,,,,,,,,,,,,,,,0.00010026393283624202,0.00010026393283624202,3.232564267818816e-06,,,,,,,,,,,,,,,,,,,
14,2199,,,,,,,,,,,,,,,,,,,,,,,0.00010026393283624202,0.00010026393283624202,3.232564267818816e-06,,,,,,,,,,,,,,,,,,,
14,2249,,,,,,,,,,,,,,,,,,,,,,,0.00010026393283624202,0.00010026393283624202,3.232564267818816e-06,,,,,,,,,,,,,,,,,,,
14,2294,,,,,,,,,,,,,,,,,,,,,,,,,,0.9648652076721191,0.8634124398231506,0.6456389427185059,0.8931752443313599,0.7728618383407593,0.8355711698532104,0.7483331561088562,0.8846119046211243,0.9075145125389099,0.9323393702507019,0.8432490825653076,0.9225369691848755,4.402950286865234,0.9226459860801697,0.8260587453842163,0.8614025115966797,0.918855607509613,0.9339598417282104,0.8851823806762695
14,2294,3894.115234375,3893.50439453125,3893.424072265625,3893.7919921875,3894.299072265625,1.6775833368301392,4.335690975189209,0.032495297491550446,0.035926032811403275,0.03397307172417641,0.033111702650785446,0.05998944863677025,0.4435637593269348,0.5368294715881348,0.4677059054374695,0.4501582682132721,0.5762903094291687,0.07554599642753601,0.0832640528678894,0.07890882343053818,0.07698231935501099,0.12713123857975006,,,,,,,,,,,,,,,,,,,,,,
15,2299,,,,,,,,,,,,,,,,,,,,,,,0.00010026393283624202,0.00010026393283624202,3.232564267818816e-06,,,,,,,,,,,,,,,,,,,
15,2349,,,,,,,,,,,,,,,,,,,,,,,0.00010026393283624202,0.00010026393283624202,3.232564267818816e-06,,,,,,,,,,,,,,,,,,,
15,2399,,,,,,,,,,,,,,,,,,,,,,,0.00010026393283624202,0.00010026393283624202,3.232564267818816e-06,,,,,,,,,,,,,,,,,,,
15,2447,,,,,,,,,,,,,,,,,,,,,,,,,,0.9613239765167236,0.8566341400146484,0.6392660140991211,0.9000057578086853,0.7694254517555237,0.8619046211242676,0.762264609336853,0.9020919799804688,0.9075028896331787,0.9305669665336609,0.8429880142211914,0.9190559387207031,4.428886890411377,0.9264278411865234,0.8316145539283752,0.8696364760398865,0.916085958480835,0.938351571559906,0.8811254501342773
15,2447,3894.193115234375,3893.434326171875,3893.548095703125,3894.00048828125,3894.28515625,1.6510818004608154,4.282876014709473,0.03266098350286484,0.03597087785601616,0.03417539596557617,0.033250946551561356,0.05981730669736862,0.4348198473453522,0.5227762460708618,0.4554957449436188,0.4409477412700653,0.5681227445602417,0.07528499513864517,0.08302327990531921,0.07898104190826416,0.07696748524904251,0.1264115869998932,,,,,,,,,,,,,,,,,,,,,,
16,2449,,,,,,,,,,,,,,,,,,,,,,,0.00010026393283624202,0.00010026393283624202,3.232564267818816e-06,,,,,,,,,,,,,,,,,,,
16,2499,,,,,,,,,,,,,,,,,,,,,,,0.00010026393283624202,0.00010026393283624202,3.232564267818816e-06,,,,,,,,,,,,,,,,,,,
16,2549,,,,,,,,,,,,,,,,,,,,,,,0.00010026393283624202,0.00010026393283624202,3.232564267818816e-06,,,,,,,,,,,,,,,,,,,
16,2599,,,,,,,,,,,,,,,,,,,,,,,0.00010026393283624202,0.00010026393283624202,3.232564267818816e-06,,,,,,,,,,,,,,,,,,,
16,2600,,,,,,,,,,,,,,,,,,,,,,,,,,0.959209144115448,0.8641859292984009,0.6895598769187927,0.8965978026390076,0.7745549082756042,0.8525614738464355,0.7753570079803467,0.8797118067741394,0.9173247814178467,0.931984543800354,0.840632438659668,0.9230380654335022,4.407421588897705,0.9336188435554504,0.8364672660827637,0.8721446990966797,0.9175373911857605,0.9469876885414124,0.8926341533660889
16,2600,3894.149169921875,3893.6572265625,3893.6630859375,3893.9375,3894.298583984375,1.454455018043518,4.219720840454102,0.03224300220608711,0.035115309059619904,0.03343456983566284,0.032668713480234146,0.05725087225437164,0.42751675844192505,0.5139066576957703,0.4494801461696625,0.43477046489715576,0.5601195096969604,0.07553624361753464,0.08322304487228394,0.07906538993120193,0.07695985585451126,0.12539854645729065,,,,,,,,,,,,,,,,,,,,,,
17,2649,,,,,,,,,,,,,,,,,,,,,,,0.00010026393283624202,0.00010026393283624202,3.232564267818816e-06,,,,,,,,,,,,,,,,,,,
17,2699,,,,,,,,,,,,,,,,,,,,,,,0.00010026393283624202,0.00010026393283624202,3.232564267818816e-06,,,,,,,,,,,,,,,,,,,
17,2749,,,,,,,,,,,,,,,,,,,,,,,0.00010026393283624202,0.00010026393283624202,3.232564267818816e-06,,,,,,,,,,,,,,,,,,,
17,2753,,,,,,,,,,,,,,,,,,,,,,,,,,0.9686704277992249,0.8483847379684448,0.6189618706703186,0.8926407694816589,0.7811900973320007,0.8419793248176575,0.7470532059669495,0.8875781297683716,0.9005797505378723,0.9289883971214294,0.8398132920265198,0.9223356246948242,4.280806064605713,0.9227988123893738,0.8233073353767395,0.8584907054901123,0.9169878363609314,0.9103410840034485,0.8931565880775452
17,2753,3894.02001953125,3893.511474609375,3893.698486328125,3893.968017578125,3894.29931640625,1.435139536857605,4.2253217697143555,0.03162815421819687,0.03505861759185791,0.033073071390390396,0.032224684953689575,0.05773286893963814,0.43310293555259705,0.5177052021026611,0.4545634090900421,0.44018319249153137,0.5613102912902832,0.0743451714515686,0.08250516653060913,0.0780850201845169,0.07588370889425278,0.12411615252494812,,,,,,,,,,,,,,,,,,,,,,
18,2799,,,,,,,,,,,,,,,,,,,,,,,0.00010026393283624202,0.00010026393283624202,3.232564267818816e-06,,,,,,,,,,,,,,,,,,,
18,2849,,,,,,,,,,,,,,,,,,,,,,,0.00010026393283624202,0.00010026393283624202,3.232564267818816e-06,,,,,,,,,,,,,,,,,,,
18,2899,,,,,,,,,,,,,,,,,,,,,,,0.00010026393283624202,0.00010026393283624202,3.232564267818816e-06,,,,,,,,,,,,,,,,,,,
18,2906,,,,,,,,,,,,,,,,,,,,,,,,,,0.9740391373634338,0.8512415289878845,0.6050090789794922,0.891160249710083,0.7742867469787598,0.8276108503341675,0.7722489237785339,0.8761589527130127,0.9096611738204956,0.9269965291023254,0.8369455933570862,0.9225602149963379,4.383340358734131,0.9216248989105225,0.8214694261550903,0.855096161365509,0.912061333656311,0.9319674968719482,0.8914751410484314
18,2906,3893.98974609375,3893.650390625,3893.91552734375,3893.689453125,3894.305908203125,1.5390523672103882,4.208817005157471,0.03248455375432968,0.03584764525294304,0.03411484509706497,0.03320026770234108,0.056839775294065475,0.4238719046115875,0.513267457485199,0.4446607530117035,0.4296111464500427,0.5562776327133179,0.07558885961771011,0.08352741599082947,0.0796448290348053,0.07715780287981033,0.12342763692140579,,,,,,,,,,,,,,,,,,,,,,
19,2949,,,,,,,,,,,,,,,,,,,,,,,0.00010026393283624202,0.00010026393283624202,3.232564267818816e-06,,,,,,,,,,,,,,,,,,,
19,2999,,,,,,,,,,,,,,,,,,,,,,,0.00010026393283624202,0.00010026393283624202,3.232564267818816e-06,,,,,,,,,,,,,,,,,,,
19,3049,,,,,,,,,,,,,,,,,,,,,,,0.00010026393283624202,0.00010026393283624202,3.232564267818816e-06,,,,,,,,,,,,,,,,,,,
19,3059,,,,,,,,,,,,,,,,,,,,,,,,,,0.968900203704834,0.8647174835205078,0.675601065158844,0.8948725461959839,0.7826951146125793,0.8446270227432251,0.7687409520149231,0.9068317413330078,0.9047814011573792,0.9261351823806763,0.8373267650604248,0.9233095049858093,4.293797016143799,0.922185480594635,0.8383733034133911,0.877643883228302,0.9170542359352112,0.9356086850166321,0.8789318799972534
19,3059,3894.041748046875,3894.00732421875,3893.56982421875,3891.504150390625,3894.35791015625,1.4790290594100952,4.183040618896484,0.03174928203225136,0.034706685692071915,0.03315373510122299,0.032391469925642014,0.055598340928554535,0.4298143684864044,0.5147925615310669,0.44875985383987427,0.4346834421157837,0.5545420050621033,0.0743444412946701,0.08157841116189957,0.07797437906265259,0.0759555995464325,0.12137234956026077,,,,,,,,,,,,,,,,,,,,,,
20,3099,,,,,,,,,,,,,,,,,,,,,,,0.00010026393283624202,0.00010026393283624202,3.232564267818816e-06,,,,,,,,,,,,,,,,,,,
20,3149,,,,,,,,,,,,,,,,,,,,,,,0.00010026393283624202,0.00010026393283624202,3.232564267818816e-06,,,,,,,,,,,,,,,,,,,
20,3199,,,,,,,,,,,,,,,,,,,,,,,0.00010026393283624202,0.00010026393283624202,3.232564267818816e-06,,,,,,,,,,,,,,,,,,,
20,3212,,,,,,,,,,,,,,,,,,,,,,,,,,0.9566605091094971,0.8595251441001892,0.642185628414154,0.9007948040962219,0.7820680737495422,0.8366283774375916,0.7569135427474976,0.8993476033210754,0.9111767411231995,0.9272592067718506,0.8414703011512756,0.9200819730758667,4.310378551483154,0.9199620485305786,0.8292654752731323,0.8670385479927063,0.9193747639656067,0.9348586797714233,0.8914069533348083
20,3212,3894.106689453125,3893.97216796875,3893.793212890625,3892.045654296875,3894.35791015625,1.5686851739883423,4.150394916534424,0.031417716294527054,0.03411628678441048,0.03256300836801529,0.03199946880340576,0.055388063192367554,0.4256441295146942,0.5121407508850098,0.4473508894443512,0.432615727186203,0.5539933443069458,0.0736326053738594,0.08013299852609634,0.07671596109867096,0.07491803914308548,0.12021403759717941,,,,,,,,,,,,,,,,,,,,,,
21,3249,,,,,,,,,,,,,,,,,,,,,,,0.00010026393283624202,0.00010026393283624202,3.232564267818816e-06,,,,,,,,,,,,,,,,,,,
21,3299,,,,,,,,,,,,,,,,,,,,,,,0.00010026393283624202,0.00010026393283624202,3.232564267818816e-06,,,,,,,,,,,,,,,,,,,
21,3349,,,,,,,,,,,,,,,,,,,,,,,0.00010026393283624202,0.00010026393283624202,3.232564267818816e-06,,,,,,,,,,,,,,,,,,,
21,3365,,,,,,,,,,,,,,,,,,,,,,,,,,0.9612447023391724,0.8483524918556213,0.6405965089797974,0.8995084762573242,0.7810344696044922,0.8231648206710815,0.7725749015808105,0.9018382430076599,0.905663013458252,0.9254290461540222,0.8385403752326965,0.9232025742530823,4.346216201782227,0.9268003702163696,0.8285393118858337,0.8614628314971924,0.9144006371498108,0.9191606640815735,0.8942402005195618
21,3365,3894.08935546875,3894.04736328125,3893.535888671875,3893.569091796875,3894.337890625,1.442919135093689,4.091320037841797,0.030613014474511147,0.034245435148477554,0.03209729865193367,0.03118746355175972,0.05607062578201294,0.4136570394039154,0.5026357769966125,0.43624404072761536,0.4201868176460266,0.5512827634811401,0.07159226387739182,0.08044134080410004,0.07527683675289154,0.07308901101350784,0.12272273749113083,,,,,,,,,,,,,,,,,,,,,,
22,3399,,,,,,,,,,,,,,,,,,,,,,,0.00010026393283624202,0.00010026393283624202,3.232564267818816e-06,,,,,,,,,,,,,,,,,,,
22,3449,,,,,,,,,,,,,,,,,,,,,,,0.00010026393283624202,0.00010026393283624202,3.232564267818816e-06,,,,,,,,,,,,,,,,,,,
22,3499,,,,,,,,,,,,,,,,,,,,,,,0.00010026393283624202,0.00010026393283624202,3.232564267818816e-06,,,,,,,,,,,,,,,,,,,
22,3518,,,,,,,,,,,,,,,,,,,,,,,,,,0.9622501134872437,0.8553441762924194,0.6650329232215881,0.8961941599845886,0.7816903591156006,0.8303102850914001,0.7729803919792175,0.8969576954841614,0.9107651114463806,0.9275124669075012,0.8399478197097778,0.9265533685684204,4.3210978507995605,0.9240116477012634,0.8325949907302856,0.8674445152282715,0.9269908666610718,0.9297025203704834,0.8947607278823853
22,3518,3894.211181640625,3893.88818359375,3893.5927734375,3894.02294921875,3894.315673828125,1.4452530145645142,4.023271560668945,0.030896252021193504,0.03428692743182182,0.03219613432884216,0.03142308071255684,0.0548308826982975,0.40511274337768555,0.49004510045051575,0.42584359645843506,0.41058146953582764,0.5367287993431091,0.0715499073266983,0.0796721875667572,0.07509554922580719,0.07321137189865112,0.11886730045080185,,,,,,,,,,,,,,,,,,,,,,
23,3549,,,,,,,,,,,,,,,,,,,,,,,0.00010026393283624202,0.00010026393283624202,3.232564267818816e-06,,,,,,,,,,,,,,,,,,,
23,3599,,,,,,,,,,,,,,,,,,,,,,,0.00010026393283624202,0.00010026393283624202,3.232564267818816e-06,,,,,,,,,,,,,,,,,,,
23,3649,,,,,,,,,,,,,,,,,,,,,,,0.00010026393283624202,0.00010026393283624202,3.232564267818816e-06,,,,,,,,,,,,,,,,,,,
23,3671,,,,,,,,,,,,,,,,,,,,,,,,,,0.9581155776977539,0.8513694405555725,0.6521401405334473,0.8973429203033447,0.7742312550544739,0.830224871635437,0.7502981424331665,0.8945474028587341,0.9072014093399048,0.9259217381477356,0.8396220803260803,0.9240586757659912,4.419926643371582,0.9176571369171143,0.8260337114334106,0.86635422706604,0.9182977080345154,0.9281414151191711,0.8894063830375671
23,3671,3894.267578125,3893.978271484375,3893.7705078125,3893.875732421875,3894.323486328125,1.366332769393921,4.071287631988525,0.03044363670051098,0.033863529562950134,0.031974248588085175,0.030962875112891197,0.05654999613761902,0.4085144102573395,0.49746274948120117,0.4315747916698456,0.4155232906341553,0.5486399531364441,0.07220331579446793,0.08015986531972885,0.07590281218290329,0.07385556399822235,0.12317900359630585,,,,,,,,,,,,,,,,,,,,,,
24,3699,,,,,,,,,,,,,,,,,,,,,,,0.00010026393283624202,0.00010026393283624202,3.232564267818816e-06,,,,,,,,,,,,,,,,,,,
24,3749,,,,,,,,,,,,,,,,,,,,,,,0.00010026393283624202,0.00010026393283624202,3.232564267818816e-06,,,,,,,,,,,,,,,,,,,
24,3799,,,,,,,,,,,,,,,,,,,,,,,0.00010026393283624202,0.00010026393283624202,3.232564267818816e-06,,,,,,,,,,,,,,,,,,,
24,3824,,,,,,,,,,,,,,,,,,,,,,,,,,0.9661917686462402,0.861314594745636,0.6511918306350708,0.9016304612159729,0.782642126083374,0.8453813791275024,0.7631635665893555,0.9099134206771851,0.906118631362915,0.9257861375808716,0.8371308445930481,0.9231031537055969,4.295151233673096,0.9235281944274902,0.8351786136627197,0.8668318390846252,0.9199095964431763,0.9332054257392883,0.8833084106445312
24,3824,3894.121337890625,3893.70947265625,3893.459228515625,3893.523681640625,3894.3125,1.4633523225784302,3.944493532180786,0.02964049018919468,0.03285021707415581,0.031466174870729446,0.03022277168929577,0.05356594920158386,0.4006243944168091,0.48291245102882385,0.4176737666130066,0.4053003191947937,0.5279776453971863,0.07027707993984222,0.07779750227928162,0.07418752461671829,0.07184474915266037,0.11653157323598862,,,,,,,,,,,,,,,,,,,,,,
25,3849,,,,,,,,,,,,,,,,,,,,,,,0.00010026393283624202,0.00010026393283624202,3.232564267818816e-06,,,,,,,,,,,,,,,,,,,
25,3899,,,,,,,,,,,,,,,,,,,,,,,0.00010026393283624202,0.00010026393283624202,3.232564267818816e-06,,,,,,,,,,,,,,,,,,,
25,3949,,,,,,,,,,,,,,,,,,,,,,,0.00010026393283624202,0.00010026393283624202,3.232564267818816e-06,,,,,,,,,,,,,,,,,,,
25,3977,,,,,,,,,,,,,,,,,,,,,,,,,,0.958771288394928,0.8574811816215515,0.6462773680686951,0.8991999626159668,0.7807344198226929,0.8389824032783508,0.7753933072090149,0.8860809803009033,0.9090376496315002,0.9268189072608948,0.8364608883857727,0.9192765951156616,4.365317344665527,0.924360454082489,0.8303651213645935,0.8654607534408569,0.9123919010162354,0.9367114305496216,0.8852049708366394
25,3977,3894.250732421875,3893.56201171875,3893.710693359375,3893.43701171875,3894.294921875,1.3795907497406006,3.9728031158447266,0.030050810426473618,0.033107537776231766,0.03125956282019615,0.03054950200021267,0.054892558604478836,0.39860403537750244,0.48488497734069824,0.42107486724853516,0.4048178791999817,0.5302010774612427,0.07140368223190308,0.07865682989358902,0.0745566338300705,0.07290200889110565,0.11944139748811722,,,,,,,,,,,,,,,,,,,,,,
26,3999,,,,,,,,,,,,,,,,,,,,,,,0.00010026393283624202,0.00010026393283624202,3.232564267818816e-06,,,,,,,,,,,,,,,,,,,
26,4049,,,,,,,,,,,,,,,,,,,,,,,0.00010026393283624202,0.00010026393283624202,3.232564267818816e-06,,,,,,,,,,,,,,,,,,,
26,4099,,,,,,,,,,,,,,,,,,,,,,,0.00010026393283624202,0.00010026393283624202,3.232564267818816e-06,,,,,,,,,,,,,,,,,,,
26,4130,,,,,,,,,,,,,,,,,,,,,,,,,,0.969832718372345,0.8442604541778564,0.6456888318061829,0.9030472040176392,0.7832261919975281,0.8301366567611694,0.7607854604721069,0.9061084389686584,0.9109772443771362,0.9293208122253418,0.8371579051017761,0.9184879064559937,4.264581203460693,0.9291443228721619,0.8303857445716858,0.8648099899291992,0.917168378829956,0.9375842213630676,0.8886215090751648
26,4130,3894.2470703125,3894.004150390625,3893.87744140625,3893.469482421875,3894.281494140625,1.302449107170105,3.939250946044922,0.029784072190523148,0.03315318003296852,0.03133290261030197,0.03037899360060692,0.05443699657917023,0.39532235264778137,0.48047736287117004,0.415455162525177,0.4016515910625458,0.5266209244728088,0.07016278803348541,0.07836782187223434,0.07373864948749542,0.07170858234167099,0.11816839128732681,,,,,,,,,,,,,,,,,,,,,,
27,4149,,,,,,,,,,,,,,,,,,,,,,,0.00010026393283624202,0.00010026393283624202,3.232564267818816e-06,,,,,,,,,,,,,,,,,,,
27,4199,,,,,,,,,,,,,,,,,,,,,,,0.00010026393283624202,0.00010026393283624202,3.232564267818816e-06,,,,,,,,,,,,,,,,,,,
27,4249,,,,,,,,,,,,,,,,,,,,,,,0.00010026393283624202,0.00010026393283624202,3.232564267818816e-06,,,,,,,,,,,,,,,,,,,
27,4283,,,,,,,,,,,,,,,,,,,,,,,,,,0.962702751159668,0.8598911762237549,0.6608363389968872,0.898099958896637,0.7757847905158997,0.8373100161552429,0.7541349530220032,0.9071304798126221,0.9145911335945129,0.9310891032218933,0.836936891078949,0.9183632731437683,4.425010681152344,0.9267250299453735,0.8319863080978394,0.8680932521820068,0.9080694317817688,0.9466310143470764,0.8871983289718628
27,4283,3894.256103515625,3894.20068359375,3893.966064453125,3893.566650390625,3894.294189453125,1.3593906164169312,3.984203577041626,0.03013797290623188,0.03350600600242615,0.03161801025271416,0.030784055590629578,0.056080762296915054,0.3960084021091461,0.48299556970596313,0.4184013903141022,0.40095382928848267,0.535202145576477,0.07109913229942322,0.0790800154209137,0.07483089715242386,0.07267323136329651,0.12232062220573425,,,,,,,,,,,,,,,,,,,,,,
28,4299,,,,,,,,,,,,,,,,,,,,,,,0.00010026393283624202,0.00010026393283624202,3.232564267818816e-06,,,,,,,,,,,,,,,,,,,
28,4349,,,,,,,,,,,,,,,,,,,,,,,0.00010026393283624202,0.00010026393283624202,3.232564267818816e-06,,,,,,,,,,,,,,,,,,,
28,4399,,,,,,,,,,,,,,,,,,,,,,,0.00010026393283624202,0.00010026393283624202,3.232564267818816e-06,,,,,,,,,,,,,,,,,,,
28,4436,,,,,,,,,,,,,,,,,,,,,,,,,,0.9562050700187683,0.8659045696258545,0.6979212760925293,0.8943325877189636,0.7833385467529297,0.8419261574745178,0.7678687572479248,0.8862214684486389,0.9170069098472595,0.9297782182693481,0.83795166015625,0.9129558205604553,4.295992374420166,0.9302380681037903,0.8367148041725159,0.8665193915367126,0.9101223349571228,0.9386581182479858,0.8982318043708801
28,4436,3894.229248046875,3894.1796875,3894.01513671875,3893.683837890625,3894.27490234375,1.4034571647644043,3.915792226791382,0.028995713219046593,0.03248590975999832,0.03030010312795639,0.029507841914892197,0.0548635758459568,0.39142873883247375,0.48243218660354614,0.4149887263774872,0.3989403545856476,0.5314455032348633,0.06920793652534485,0.0772985965013504,0.07249490171670914,0.07044222950935364,0.11845166981220245,,,,,,,,,,,,,,,,,,,,,,
29,4449,,,,,,,,,,,,,,,,,,,,,,,0.00010026393283624202,0.00010026393283624202,3.232564267818816e-06,,,,,,,,,,,,,,,,,,,
29,4499,,,,,,,,,,,,,,,,,,,,,,,0.00010026393283624202,0.00010026393283624202,3.232564267818816e-06,,,,,,,,,,,,,,,,,,,
29,4549,,,,,,,,,,,,,,,,,,,,,,,0.00010026393283624202,0.00010026393283624202,3.232564267818816e-06,,,,,,,,,,,,,,,,,,,
29,4589,,,,,,,,,,,,,,,,,,,,,,,,,,0.9620568752288818,0.8714156150817871,0.6580983400344849,0.8966273069381714,0.7721131443977356,0.8232766389846802,0.7637717127799988,0.9001219272613525,0.9146376252174377,0.9296361804008484,0.8376777768135071,0.9192448854446411,4.348877429962158,0.923413872718811,0.8309351801872253,0.8662233352661133,0.9225881695747375,0.9486011266708374,0.8864822387695312
29,4589,3894.29443359375,3894.246826171875,3894.1357421875,3893.91455078125,3894.328369140625,1.3121823072433472,3.8570668697357178,0.02923828549683094,0.032790713012218475,0.030769800767302513,0.029767625033855438,0.05313653126358986,0.38609206676483154,0.46585607528686523,0.4089847505092621,0.39281049370765686,0.5106645226478577,0.06917942315340042,0.07782747596502304,0.07326265424489975,0.07076610624790192,0.11603592336177826,,,,,,,,,,,,,,,,,,,,,,
30,4599,,,,,,,,,,,,,,,,,,,,,,,0.00010026393283624202,0.00010026393283624202,3.232564267818816e-06,,,,,,,,,,,,,,,,,,,
30,4649,,,,,,,,,,,,,,,,,,,,,,,0.00010026393283624202,0.00010026393283624202,3.232564267818816e-06,,,,,,,,,,,,,,,,,,,
30,4699,,,,,,,,,,,,,,,,,,,,,,,0.00010026393283624202,0.00010026393283624202,3.232564267818816e-06,,,,,,,,,,,,,,,,,,,
30,4742,,,,,,,,,,,,,,,,,,,,,,,,,,0.9683013558387756,0.8571454882621765,0.652444064617157,0.8982851505279541,0.7702583074569702,0.8401620388031006,0.7808108329772949,0.8968720436096191,0.9151861071586609,0.9283022284507751,0.8390393853187561,0.9245790243148804,4.291799545288086,0.9244970679283142,0.8330349326133728,0.8641246557235718,0.9161186218261719,0.9274793267250061,0.9058646559715271
30,4742,3894.269287109375,3894.16015625,3893.899169921875,3893.77978515625,3894.308837890625,1.3431422710418701,3.7708845138549805,0.028658756986260414,0.03145934268832207,0.02972310595214367,0.028959374874830246,0.05154016241431236,0.37723681330680847,0.463643878698349,0.40067020058631897,0.3848422169685364,0.5002821087837219,0.06811749935150146,0.07521169632673264,0.07130752503871918,0.06925810128450394,0.11235813051462173,,,,,,,,,,,,,,,,,,,,,,
31,4749,,,,,,,,,,,,,,,,,,,,,,,0.00010026393283624202,0.00010026393283624202,3.232564267818816e-06,,,,,,,,,,,,,,,,,,,
31,4799,,,,,,,,,,,,,,,,,,,,,,,0.00010026393283624202,0.00010026393283624202,3.232564267818816e-06,,,,,,,,,,,,,,,,,,,
31,4849,,,,,,,,,,,,,,,,,,,,,,,0.00010026393283624202,0.00010026393283624202,3.232564267818816e-06,,,,,,,,,,,,,,,,,,,
31,4895,,,,,,,,,,,,,,,,,,,,,,,,,,0.9692862629890442,0.8607372641563416,0.6193720698356628,0.898328423500061,0.7790868282318115,0.833869457244873,0.7377301454544067,0.891756534576416,0.9151166677474976,0.9294285178184509,0.8398815989494324,0.9191076159477234,4.280851364135742,0.9229497313499451,0.8237708806991577,0.8624860644340515,0.907248854637146,0.9341266751289368,0.8989050984382629
31,4895,3894.197265625,3894.19287109375,3893.803955078125,3893.12939453125,3894.270751953125,1.2904295921325684,3.805720806121826,0.028536668047308922,0.03193513676524162,0.030054762959480286,0.029027942568063736,0.05231622979044914,0.38112708926200867,0.4636611044406891,0.40521734952926636,0.3887069523334503,0.5059348940849304,0.06840796768665314,0.07624602317810059,0.07195242494344711,0.06971892714500427,0.11453470587730408,,,,,,,,,,,,,,,,,,,,,,
32,4899,,,,,,,,,,,,,,,,,,,,,,,0.00010026393283624202,0.00010026393283624202,3.232564267818816e-06,,,,,,,,,,,,,,,,,,,
32,4949,,,,,,,,,,,,,,,,,,,,,,,0.00010026393283624202,0.00010026393283624202,3.232564267818816e-06,,,,,,,,,,,,,,,,,,,
32,4999,,,,,,,,,,,,,,,,,,,,,,,0.00010026393283624202,0.00010026393283624202,3.232564267818816e-06,,,,,,,,,,,,,,,,,,,
32,5048,,,,,,,,,,,,,,,,,,,,,,,,,,0.9724411964416504,0.8651355504989624,0.5386037230491638,0.9012911319732666,0.7750663757324219,0.8232602477073669,0.7638813853263855,0.8989357948303223,0.9016183614730835,0.9265226721763611,0.8361715078353882,0.919319212436676,4.327007293701172,0.914531409740448,0.8173269033432007,0.8476406335830688,0.9185010194778442,0.925101637840271,0.8807865381240845
32,5048,3894.245849609375,3894.2421875,3894.05322265625,3893.2548828125,3894.288818359375,1.1316889524459839,3.7308685779571533,0.028114767745137215,0.030963778495788574,0.029379067942500114,0.028523344546556473,0.05230160802602768,0.369271457195282,0.4558946192264557,0.39143815636634827,0.3771018981933594,0.5022782683372498,0.06723279505968094,0.07401443272829056,0.07010147720575333,0.0683186948299408,0.11456812173128128,,,,,,,,,,,,,,,,,,,,,,
33,5049,,,,,,,,,,,,,,,,,,,,,,,0.00010026393283624202,0.00010026393283624202,3.232564267818816e-06,,,,,,,,,,,,,,,,,,,
33,5099,,,,,,,,,,,,,,,,,,,,,,,0.00010026393283624202,0.00010026393283624202,3.232564267818816e-06,,,,,,,,,,,,,,,,,,,
33,5149,,,,,,,,,,,,,,,,,,,,,,,0.00010026393283624202,0.00010026393283624202,3.232564267818816e-06,,,,,,,,,,,,,,,,,,,
33,5199,,,,,,,,,,,,,,,,,,,,,,,0.00010026393283624202,0.00010026393283624202,3.232564267818816e-06,,,,,,,,,,,,,,,,,,,
33,5201,,,,,,,,,,,,,,,,,,,,,,,,,,0.9626759886741638,0.8545979857444763,0.6737174987792969,0.9037142992019653,0.777881383895874,0.8284597992897034,0.7460525035858154,0.9057517051696777,0.920892596244812,0.9261695742607117,0.8327463865280151,0.9115729928016663,4.3162360191345215,0.9238673448562622,0.831606388092041,0.8662179708480835,0.9163858294487,0.9396975040435791,0.905135452747345
33,5201,3894.24951171875,3894.226318359375,3894.0703125,3893.23974609375,3894.27685546875,1.28693425655365,3.819446086883545,0.02858770824968815,0.03220710530877113,0.030007129535079002,0.029086098074913025,0.05285993590950966,0.38487324118614197,0.4615848958492279,0.40452656149864197,0.39082878828048706,0.5087548494338989,0.06874292343854904,0.0764046162366867,0.07213328778743744,0.069882333278656,0.11540568619966507,,,,,,,,,,,,,,,,,,,,,,
34,5249,,,,,,,,,,,,,,,,,,,,,,,0.00010026393283624202,0.00010026393283624202,3.232564267818816e-06,,,,,,,,,,,,,,,,,,,
34,5299,,,,,,,,,,,,,,,,,,,,,,,0.00010026393283624202,0.00010026393283624202,3.232564267818816e-06,,,,,,,,,,,,,,,,,,,
34,5349,,,,,,,,,,,,,,,,,,,,,,,0.00010026393283624202,0.00010026393283624202,3.232564267818816e-06,,,,,,,,,,,,,,,,,,,
34,5354,,,,,,,,,,,,,,,,,,,,,,,,,,0.9745827317237854,0.86006098985672,0.6497088074684143,0.8964824676513672,0.776075005531311,0.8337473273277283,0.7669287323951721,0.8934849500656128,0.9198676347732544,0.9283835887908936,0.8337758779525757,0.9158216118812561,4.44980525970459,0.9316993951797485,0.8313838839530945,0.8713627457618713,0.9122792482376099,0.9394213557243347,0.9029366374015808
34,5354,3894.2197265625,3894.26220703125,3893.920654296875,3892.22265625,3894.310791015625,1.0178567171096802,3.727630376815796,0.02800973504781723,0.031056256964802742,0.029337424784898758,0.02861158177256584,0.05273865535855293,0.36671018600463867,0.45708397030830383,0.39106816053390503,0.37436509132385254,0.5041715502738953,0.06643108278512955,0.07378967851400375,0.06979523599147797,0.06785909086465836,0.11485612392425537,,,,,,,,,,,,,,,,,,,,,,
35,5399,,,,,,,,,,,,,,,,,,,,,,,0.00010026393283624202,0.00010026393283624202,3.232564267818816e-06,,,,,,,,,,,,,,,,,,,
35,5449,,,,,,,,,,,,,,,,,,,,,,,0.00010026393283624202,0.00010026393283624202,3.232564267818816e-06,,,,,,,,,,,,,,,,,,,
35,5499,,,,,,,,,,,,,,,,,,,,,,,0.00010026393283624202,0.00010026393283624202,3.232564267818816e-06,,,,,,,,,,,,,,,,,,,
35,5507,,,,,,,,,,,,,,,,,,,,,,,,,,0.9703245759010315,0.8403161764144897,0.646674633026123,0.8954875469207764,0.7603517174720764,0.8184847235679626,0.7318260669708252,0.8995198011398315,0.9151691794395447,0.9281083941459656,0.8298749923706055,0.9151450991630554,4.379989147186279,0.9242604374885559,0.8203731775283813,0.8637841939926147,0.9084488749504089,0.9459244012832642,0.889430582523346
35,5507,3894.253173828125,3894.223876953125,3893.716064453125,3892.47705078125,3894.311279296875,1.1727741956710815,3.8085014820098877,0.029040813446044922,0.03190464898943901,0.030142655596137047,0.029462125152349472,0.05233798921108246,0.3734161853790283,0.45935916900634766,0.40101632475852966,0.38180702924728394,0.507081151008606,0.07086191326379776,0.07780560106039047,0.07363840937614441,0.07197234779596329,0.11641209572553635,,,,,,,,,,,,,,,,,,,,,,
36,5549,,,,,,,,,,,,,,,,,,,,,,,0.00010026393283624202,0.00010026393283624202,3.232564267818816e-06,,,,,,,,,,,,,,,,,,,
36,5599,,,,,,,,,,,,,,,,,,,,,,,0.00010026393283624202,0.00010026393283624202,3.232564267818816e-06,,,,,,,,,,,,,,,,,,,
36,5649,,,,,,,,,,,,,,,,,,,,,,,0.00010026393283624202,0.00010026393283624202,3.232564267818816e-06,,,,,,,,,,,,,,,,,,,
36,5660,,,,,,,,,,,,,,,,,,,,,,,,,,0.9757129549980164,0.8648064136505127,0.6533635258674622,0.8977346420288086,0.7665808796882629,0.8230870366096497,0.7338945269584656,0.8871208429336548,0.9167749285697937,0.9260120391845703,0.8329136967658997,0.9148258566856384,4.288568019866943,0.9256777763366699,0.8252875804901123,0.8589447736740112,0.9149160981178284,0.9210844039916992,0.9145528078079224
36,5660,3894.238037109375,3894.103271484375,3893.7705078125,3893.638916015625,3894.320556640625,1.0546925067901611,3.678454875946045,0.02802065573632717,0.03035579062998295,0.02889443375170231,0.028337206691503525,0.0503968708217144,0.3609139323234558,0.4492490589618683,0.38502568006515503,0.3687496483325958,0.49723073840141296,0.06784205138683319,0.07439237833023071,0.0704897791147232,0.0689576044678688,0.1119486391544342,,,,,,,,,,,,,,,,,,,,,,
37,5699,,,,,,,,,,,,,,,,,,,,,,,0.00010026393283624202,0.00010026393283624202,3.232564267818816e-06,,,,,,,,,,,,,,,,,,,
37,5749,,,,,,,,,,,,,,,,,,,,,,,0.00010026393283624202,0.00010026393283624202,3.232564267818816e-06,,,,,,,,,,,,,,,,,,,
37,5799,,,,,,,,,,,,,,,,,,,,,,,0.00010026393283624202,0.00010026393283624202,3.232564267818816e-06,,,,,,,,,,,,,,,,,,,
37,5813,,,,,,,,,,,,,,,,,,,,,,,,,,0.9757716655731201,0.8578629493713379,0.6688364148139954,0.8904715776443481,0.776314377784729,0.8181887269020081,0.7548275589942932,0.8964757919311523,0.9131654500961304,0.9247108697891235,0.8351721167564392,0.9167956709861755,4.3400726318359375,0.9228870272636414,0.8298436403274536,0.866473376750946,0.9132201671600342,0.9351633191108704,0.8953356742858887
37,5813,3894.269287109375,3894.061767578125,3894.031494140625,3894.046142578125,3894.323974609375,1.084519386291504,3.7159340381622314,0.027795841917395592,0.030918816104531288,0.029130009934306145,0.028249001130461693,0.053080540150403976,0.3641462028026581,0.4515954852104187,0.3896637558937073,0.37264731526374817,0.5044205188751221,0.06687113642692566,0.0741361454129219,0.0699474886059761,0.06796114146709442,0.11487936228513718,,,,,,,,,,,,,,,,,,,,,,
38,5849,,,,,,,,,,,,,,,,,,,,,,,0.00010026393283624202,0.00010026393283624202,3.232564267818816e-06,,,,,,,,,,,,,,,,,,,
38,5899,,,,,,,,,,,,,,,,,,,,,,,0.00010026393283624202,0.00010026393283624202,3.232564267818816e-06,,,,,,,,,,,,,,,,,,,
38,5949,,,,,,,,,,,,,,,,,,,,,,,0.00010026393283624202,0.00010026393283624202,3.232564267818816e-06,,,,,,,,,,,,,,,,,,,
38,5966,,,,,,,,,,,,,,,,,,,,,,,,,,0.9737294912338257,0.8503259420394897,0.6171390414237976,0.8957878947257996,0.7762699723243713,0.8169156908988953,0.7735983729362488,0.8844902515411377,0.9194315671920776,0.9249661564826965,0.8354831337928772,0.9155932664871216,4.4124555587768555,0.9228128790855408,0.8235321044921875,0.8553850054740906,0.9048949480056763,0.9329550862312317,0.908165693283081
38,5966,3894.339111328125,3894.324462890625,3894.260986328125,3894.2705078125,3894.34521484375,1.152906894683838,3.7653677463531494,0.028933366760611534,0.032012082636356354,0.030304132029414177,0.029322680085897446,0.053464703261852264,0.36545681953430176,0.45637646317481995,0.3926818072795868,0.3736073076725006,0.5075488686561584,0.06837045401334763,0.07563230395317078,0.0715528279542923,0.06945005804300308,0.11475050449371338,,,,,,,,,,,,,,,,,,,,,,
39,5999,,,,,,,,,,,,,,,,,,,,,,,0.00010026393283624202,0.00010026393283624202,3.232564267818816e-06,,,,,,,,,,,,,,,,,,,
39,6049,,,,,,,,,,,,,,,,,,,,,,,0.00010026393283624202,0.00010026393283624202,3.232564267818816e-06,,,,,,,,,,,,,,,,,,,
39,6099,,,,,,,,,,,,,,,,,,,,,,,0.00010026393283624202,0.00010026393283624202,3.232564267818816e-06,,,,,,,,,,,,,,,,,,,
39,6119,,,,,,,,,,,,,,,,,,,,,,,,,,0.9755896329879761,0.8588066697120667,0.6371220350265503,0.90018630027771,0.7720499038696289,0.8360586166381836,0.7700477242469788,0.8870546817779541,0.913734495639801,0.9239333271980286,0.8334242105484009,0.9172694683074951,4.412970066070557,0.9238607883453369,0.8296144604682922,0.8636600375175476,0.9138015508651733,0.92781001329422,0.9034112691879272
39,6119,3894.29443359375,3894.281982421875,3894.224365234375,3894.1357421875,3894.296875,1.0636916160583496,3.7605791091918945,0.02823587879538536,0.031257085502147675,0.029583260416984558,0.02848339080810547,0.05362652242183685,0.36568689346313477,0.462795227766037,0.39115816354751587,0.3746088445186615,0.5077844858169556,0.06827705353498459,0.07552225142717361,0.07164640724658966,0.06930642575025558,0.11655453592538834,,,,,,,,,,,,,,,,,,,,,,
40,6149,,,,,,,,,,,,,,,,,,,,,,,0.00010026393283624202,0.00010026393283624202,3.232564267818816e-06,,,,,,,,,,,,,,,,,,,
40,6199,,,,,,,,,,,,,,,,,,,,,,,0.00010026393283624202,0.00010026393283624202,3.232564267818816e-06,,,,,,,,,,,,,,,,,,,
40,6249,,,,,,,,,,,,,,,,,,,,,,,0.00010026393283624202,0.00010026393283624202,3.232564267818816e-06,,,,,,,,,,,,,,,,,,,
40,6272,,,,,,,,,,,,,,,,,,,,,,,,,,0.9781067371368408,0.8505821228027344,0.6211708784103394,0.8961770534515381,0.7660765051841736,0.827481746673584,0.7338343262672424,0.8858821392059326,0.9087690114974976,0.9219279885292053,0.8296587467193604,0.9140002727508545,4.388868808746338,0.9172862768173218,0.819913923740387,0.8576985597610474,0.9085870385169983,0.9259374737739563,0.8937077522277832
40,6272,3894.32275390625,3894.31005859375,3894.14306640625,3894.10791015625,3894.32470703125,1.0522072315216064,3.7473630905151367,0.02793137915432453,0.03125918284058571,0.029442911967635155,0.02833895944058895,0.053132105618715286,0.36578238010406494,0.45883506536483765,0.39455506205558777,0.37479546666145325,0.5084241628646851,0.06747275590896606,0.07513979822397232,0.07095290720462799,0.06862970441579819,0.1150297001004219,,,,,,,,,,,,,,,,,,,,,,
41,6299,,,,,,,,,,,,,,,,,,,,,,,0.00010026393283624202,0.00010026393283624202,3.232564267818816e-06,,,,,,,,,,,,,,,,,,,
41,6349,,,,,,,,,,,,,,,,,,,,,,,0.00010026393283624202,0.00010026393283624202,3.232564267818816e-06,,,,,,,,,,,,,,,,,,,
41,6399,,,,,,,,,,,,,,,,,,,,,,,0.00010026393283624202,0.00010026393283624202,3.232564267818816e-06,,,,,,,,,,,,,,,,,,,
41,6425,,,,,,,,,,,,,,,,,,,,,,,,,,0.9817655682563782,0.8451976180076599,0.6472306847572327,0.8950352072715759,0.7637892961502075,0.822575569152832,0.7490930557250977,0.888486921787262,0.9134905338287354,0.92213374376297,0.8273430466651917,0.9150453805923462,4.3311967849731445,0.9204729795455933,0.8241467475891113,0.8563490509986877,0.911821186542511,0.9389405250549316,0.8922284245491028
41,6425,3894.32958984375,3894.31689453125,3894.249267578125,3894.169189453125,3894.340576171875,0.9045100212097168,3.6818113327026367,0.02738882228732109,0.030823903158307076,0.028779640793800354,0.02781543880701065,0.05392469838261604,0.3549377918243408,0.44564685225486755,0.38074779510498047,0.3632000982761383,0.5012494325637817,0.06670325994491577,0.07493805140256882,0.0702919065952301,0.06787946820259094,0.11637040972709656,,,,,,,,,,,,,,,,,,,,,,
42,6449,,,,,,,,,,,,,,,,,,,,,,,0.00010026393283624202,0.00010026393283624202,3.232564267818816e-06,,,,,,,,,,,,,,,,,,,
42,6499,,,,,,,,,,,,,,,,,,,,,,,0.00010026393283624202,0.00010026393283624202,3.232564267818816e-06,,,,,,,,,,,,,,,,,,,
42,6549,,,,,,,,,,,,,,,,,,,,,,,0.00010026393283624202,0.00010026393283624202,3.232564267818816e-06,,,,,,,,,,,,,,,,,,,
42,6578,,,,,,,,,,,,,,,,,,,,,,,,,,0.9848184585571289,0.8549850583076477,0.6349267959594727,0.8883618116378784,0.7631828188896179,0.8184196949005127,0.7555351257324219,0.8930085301399231,0.9125098586082458,0.9256278276443481,0.8345543146133423,0.9151623249053955,4.492068290710449,0.9203442335128784,0.824154794216156,0.867042064666748,0.9052650332450867,0.9419085383415222,0.8891280889511108
42,6578,3894.275634765625,3894.285888671875,3894.1103515625,3894.04931640625,3894.29736328125,0.8769559264183044,3.6140894889831543,0.027111804112792015,0.03045198693871498,0.02843276411294937,0.027421729639172554,0.05222056806087494,0.34675270318984985,0.44328656792640686,0.37486493587493896,0.35555681586265564,0.489051878452301,0.06564538180828094,0.07344282418489456,0.06897390633821487,0.06659264862537384,0.11353666335344315,,,,,,,,,,,,,,,,,,,,,,
43,6599,,,,,,,,,,,,,,,,,,,,,,,0.00010026393283624202,0.00010026393283624202,3.232564267818816e-06,,,,,,,,,,,,,,,,,,,
43,6649,,,,,,,,,,,,,,,,,,,,,,,0.00010026393283624202,0.00010026393283624202,3.232564267818816e-06,,,,,,,,,,,,,,,,,,,
43,6699,,,,,,,,,,,,,,,,,,,,,,,0.00010026393283624202,0.00010026393283624202,3.232564267818816e-06,,,,,,,,,,,,,,,,,,,
43,6731,,,,,,,,,,,,,,,,,,,,,,,,,,0.972856879234314,0.8501681685447693,0.6527218222618103,0.8968828916549683,0.7605655193328857,0.8306841254234314,0.7442846298217773,0.9034075140953064,0.9203249216079712,0.925378680229187,0.8298243880271912,0.9137356877326965,4.390467643737793,0.9250801205635071,0.8264464735984802,0.8620843291282654,0.9104218482971191,0.9434106945991516,0.9009183645248413
43,6731,3894.314453125,3894.306884765625,3894.19189453125,3894.16064453125,3894.3232421875,1.0288338661193848,3.674241781234741,0.027644166722893715,0.03060196340084076,0.02887427620589733,0.02799355983734131,0.05229592323303223,0.3600161075592041,0.4445302188396454,0.3811284005641937,0.36631569266319275,0.49465593695640564,0.06741201132535934,0.07477603107690811,0.0707024410367012,0.06852071732282639,0.11386128515005112,,,,,,,,,,,,,,,,,,,,,,
44,6749,,,,,,,,,,,,,,,,,,,,,,,0.00010026393283624202,0.00010026393283624202,3.232564267818816e-06,,,,,,,,,,,,,,,,,,,
44,6799,,,,,,,,,,,,,,,,,,,,,,,0.00010026393283624202,0.00010026393283624202,3.232564267818816e-06,,,,,,,,,,,,,,,,,,,
44,6849,,,,,,,,,,,,,,,,,,,,,,,0.00010026393283624202,0.00010026393283624202,3.232564267818816e-06,,,,,,,,,,,,,,,,,,,
44,6884,,,,,,,,,,,,,,,,,,,,,,,,,,0.9720222353935242,0.8552824258804321,0.6448054313659668,0.8968036770820618,0.7702306509017944,0.8277474045753479,0.7417814135551453,0.9033084511756897,0.9069544672966003,0.9254635572433472,0.8281281590461731,0.9114187955856323,4.430659294128418,0.9240086674690247,0.8264977335929871,0.861656904220581,0.9119284749031067,0.911553680896759,0.9033297896385193
44,6884,3894.328125,3894.322265625,3894.29052734375,3894.25927734375,3894.328369140625,0.9356575608253479,3.6690289974212646,0.02758941426873207,0.03082592599093914,0.029223719611763954,0.028198136016726494,0.0526023767888546,0.3559863269329071,0.4394087493419647,0.3775392770767212,0.36154866218566895,0.49348902702331543,0.06767050921916962,0.07544231414794922,0.07127724587917328,0.06896880269050598,0.11607138812541962,,,,,,,,,,,,,,,,,,,,,,
45,6899,,,,,,,,,,,,,,,,,,,,,,,0.00010026393283624202,0.00010026393283624202,3.232564267818816e-06,,,,,,,,,,,,,,,,,,,
45,6949,,,,,,,,,,,,,,,,,,,,,,,0.00010026393283624202,0.00010026393283624202,3.232564267818816e-06,,,,,,,,,,,,,,,,,,,
45,6999,,,,,,,,,,,,,,,,,,,,,,,0.00010026393283624202,0.00010026393283624202,3.232564267818816e-06,,,,,,,,,,,,,,,,,,,
45,7037,,,,,,,,,,,,,,,,,,,,,,,,,,0.9726216197013855,0.8380665183067322,0.6507023572921753,0.8916694521903992,0.7482487559318542,0.8249845504760742,0.7381225228309631,0.90732741355896,0.9172128438949585,0.9278704524040222,0.8321760892868042,0.9158918261528015,4.521077632904053,0.9213271141052246,0.8214678764343262,0.8586664795875549,0.9142361879348755,0.9428200125694275,0.8954022526741028
45,7037,3894.31787109375,3894.323486328125,3894.2705078125,3893.990234375,3894.33935546875,0.9905317425727844,3.602846145629883,0.027223559096455574,0.030375555157661438,0.02850239910185337,0.02774852328002453,0.05120623856782913,0.3470253646373749,0.4378664195537567,0.3724173605442047,0.35519978404045105,0.4867245554924011,0.06649282574653625,0.07348623126745224,0.06954431533813477,0.06778445839881897,0.11185784637928009,,,,,,,,,,,,,,,,,,,,,,
46,7049,,,,,,,,,,,,,,,,,,,,,,,0.00010026393283624202,0.00010026393283624202,3.232564267818816e-06,,,,,,,,,,,,,,,,,,,
46,7099,,,,,,,,,,,,,,,,,,,,,,,0.00010026393283624202,0.00010026393283624202,3.232564267818816e-06,,,,,,,,,,,,,,,,,,,
46,7149,,,,,,,,,,,,,,,,,,,,,,,0.00010026393283624202,0.00010026393283624202,3.232564267818816e-06,,,,,,,,,,,,,,,,,,,
46,7190,,,,,,,,,,,,,,,,,,,,,,,,,,0.9765353798866272,0.8439446091651917,0.6445467472076416,0.8969731330871582,0.7499149441719055,0.8203829526901245,0.7603830695152283,0.8936861753463745,0.9119635224342346,0.9299055933952332,0.8329442739486694,0.9126779437065125,4.556467056274414,0.9230941534042358,0.8232958912849426,0.8538631200790405,0.9095115661621094,0.9390822052955627,0.8882832527160645
46,7190,3894.2392578125,3894.300537109375,3894.197265625,3893.955810546875,3894.306884765625,0.8319752812385559,3.609236478805542,0.026710228994488716,0.030406266450881958,0.028172461315989494,0.027234137058258057,0.05188519507646561,0.3472657799720764,0.43810006976127625,0.3722410202026367,0.3548908531665802,0.49192267656326294,0.06593767553567886,0.07395171374082565,0.0695972740650177,0.0672873705625534,0.11461251974105835,,,,,,,,,,,,,,,,,,,,,,
47,7199,,,,,,,,,,,,,,,,,,,,,,,0.00010026393283624202,0.00010026393283624202,3.232564267818816e-06,,,,,,,,,,,,,,,,,,,
47,7249,,,,,,,,,,,,,,,,,,,,,,,0.00010026393283624202,0.00010026393283624202,3.232564267818816e-06,,,,,,,,,,,,,,,,,,,
47,7299,,,,,,,,,,,,,,,,,,,,,,,0.00010026393283624202,0.00010026393283624202,3.232564267818816e-06,,,,,,,,,,,,,,,,,,,
47,7343,,,,,,,,,,,,,,,,,,,,,,,,,,0.9737095832824707,0.8458756804466248,0.668099582195282,0.9004079103469849,0.7484023571014404,0.8285049796104431,0.7608776092529297,0.8934287428855896,0.9080988764762878,0.9296185970306396,0.829377293586731,0.9138389825820923,4.450260162353516,0.9210976362228394,0.8274133205413818,0.858135461807251,0.9151487946510315,0.9379279613494873,0.8827497959136963
47,7343,3894.306396484375,3894.32568359375,3894.04736328125,3893.8232421875,3894.3525390625,0.9649930596351624,3.627988815307617,0.02791803888976574,0.0307328999042511,0.029207270592451096,0.028535079210996628,0.051734559237957,0.348852276802063,0.439298540353775,0.37218523025512695,0.355231910943985,0.48904553055763245,0.06677525490522385,0.07356065511703491,0.07018876820802689,0.06817135959863663,0.11267247796058655,,,,,,,,,,,,,,,,,,,,,,
48,7349,,,,,,,,,,,,,,,,,,,,,,,0.00010026393283624202,0.00010026393283624202,3.232564267818816e-06,,,,,,,,,,,,,,,,,,,
48,7399,,,,,,,,,,,,,,,,,,,,,,,0.00010026393283624202,0.00010026393283624202,3.232564267818816e-06,,,,,,,,,,,,,,,,,,,
48,7449,,,,,,,,,,,,,,,,,,,,,,,0.00010026393283624202,0.00010026393283624202,3.232564267818816e-06,,,,,,,,,,,,,,,,,,,
48,7496,,,,,,,,,,,,,,,,,,,,,,,,,,0.9710311889648438,0.8378236293792725,0.6516461968421936,0.8934245705604553,0.7585463523864746,0.8115493059158325,0.7565333247184753,0.8966935873031616,0.9160235524177551,0.9285600781440735,0.8358420729637146,0.9206702709197998,4.48330545425415,0.9193353056907654,0.8221560120582581,0.8519216775894165,0.917269766330719,0.9280874133110046,0.906527042388916
48,7496,3894.316162109375,3894.31298828125,3893.86962890625,3893.68994140625,3894.328857421875,0.8906121253967285,3.571774959564209,0.027039045467972755,0.030002307146787643,0.02819979377090931,0.02740713767707348,0.05015390366315842,0.34272244572639465,0.4350152611732483,0.3716738522052765,0.3523425757884979,0.4861876666545868,0.06563449651002884,0.07279988378286362,0.06878038495779037,0.0667552798986435,0.110941581428051,,,,,,,,,,,,,,,,,,,,,,
49,7499,,,,,,,,,,,,,,,,,,,,,,,0.00010026393283624202,0.00010026393283624202,3.232564267818816e-06,,,,,,,,,,,,,,,,,,,
49,7549,,,,,,,,,,,,,,,,,,,,,,,0.00010026393283624202,0.00010026393283624202,3.232564267818816e-06,,,,,,,,,,,,,,,,,,,
49,7599,,,,,,,,,,,,,,,,,,,,,,,0.00010026393283624202,0.00010026393283624202,3.232564267818816e-06,,,,,,,,,,,,,,,,,,,
49,7649,,,,,,,,,,,,,,,,,,,,,,,0.00010026393283624202,0.00010026393283624202,3.232564267818816e-06,,,,,,,,,,,,,,,,,,,
49,7649,,,,,,,,,,,,,,,,,,,,,,,,,,0.9728590846061707,0.8432119488716125,0.6885911226272583,0.897153913974762,0.7547348737716675,0.8040872812271118,0.7664192318916321,0.8869278430938721,0.9159402251243591,0.9238596558570862,0.8319556713104248,0.914277195930481,4.470205307006836,0.922711193561554,0.8267481923103333,0.8553958535194397,0.9189910292625427,0.9495025277137756,0.8874709010124207
49,7649,3894.293212890625,3894.2822265625,3894.038818359375,3893.86279296875,3894.30029296875,0.7912354469299316,3.545536518096924,0.02630876749753952,0.029555611312389374,0.027816757559776306,0.026805048808455467,0.052525732666254044,0.3376023471355438,0.4288610816001892,0.3644203841686249,0.34627166390419006,0.48250266909599304,0.06491880118846893,0.0721341222524643,0.06804441660642624,0.06581740826368332,0.11449471116065979,,,,,,,,,,,,,,,,,,,,,,
50,7699,,,,,,,,,,,,,,,,,,,,,,,0.00010026393283624202,0.00010026393283624202,3.232564267818816e-06,,,,,,,,,,,,,,,,,,,
50,7749,,,,,,,,,,,,,,,,,,,,,,,0.00010026393283624202,0.00010026393283624202,3.232564267818816e-06,,,,,,,,,,,,,,,,,,,
50,7799,,,,,,,,,,,,,,,,,,,,,,,0.00010026393283624202,0.00010026393283624202,3.232564267818816e-06,,,,,,,,,,,,,,,,,,,
50,7802,,,,,,,,,,,,,,,,,,,,,,,,,,0.9820839166641235,0.8437937498092651,0.6639254689216614,0.8955945372581482,0.740180253982544,0.8304027318954468,0.7531744837760925,0.89598548412323,0.8953955769538879,0.9210727214813232,0.8315500617027283,0.9150232672691345,4.508008003234863,0.9113186001777649,0.8256425857543945,0.859004557132721,0.9103153944015503,0.9008238911628723,0.8909380435943604
50,7802,3894.308349609375,3894.241943359375,3894.22216796875,3893.981689453125,3894.3125,0.8441781401634216,3.524111747741699,0.026285672560334206,0.029507141560316086,0.027814675122499466,0.026656711474061012,0.05086428299546242,0.335091769695282,0.42273563146591187,0.3610968291759491,0.3442472219467163,0.48168250918388367,0.0653136745095253,0.07276315987110138,0.06864447146654129,0.06639951467514038,0.11368659138679504,,,,,,,,,,,,,,,,,,,,,,
51,7849,,,,,,,,,,,,,,,,,,,,,,,0.00010026393283624202,0.00010026393283624202,3.232564267818816e-06,,,,,,,,,,,,,,,,,,,
51,7899,,,,,,,,,,,,,,,,,,,,,,,0.00010026393283624202,0.00010026393283624202,3.232564267818816e-06,,,,,,,,,,,,,,,,,,,
51,7949,,,,,,,,,,,,,,,,,,,,,,,0.00010026393283624202,0.00010026393283624202,3.232564267818816e-06,,,,,,,,,,,,,,,,,,,
51,7955,,,,,,,,,,,,,,,,,,,,,,,,,,0.9824884533882141,0.8417831063270569,0.6622572541236877,0.8971875309944153,0.7418220043182373,0.8319031000137329,0.7653517127037048,0.8667556643486023,0.9157006144523621,0.9221737384796143,0.829704999923706,0.9181969165802002,4.569693565368652,0.9241783022880554,0.8236936330795288,0.8507788181304932,0.9121339917182922,0.9380173087120056,0.8962069153785706
51,7955,3894.29443359375,3894.215576171875,3894.148193359375,3893.895751953125,3894.314208984375,0.9246163964271545,3.495943307876587,0.025835804641246796,0.028543801978230476,0.02723134681582451,0.02623714506626129,0.04877857863903046,0.3398221731185913,0.4266386926174164,0.3623681962490082,0.3475104868412018,0.4750240445137024,0.06516016274690628,0.07180004566907883,0.0684618204832077,0.06618522852659225,0.1091160774230957,,,,,,,,,,,,,,,,,,,,,,
52,7999,,,,,,,,,,,,,,,,,,,,,,,0.00010026393283624202,0.00010026393283624202,3.232564267818816e-06,,,,,,,,,,,,,,,,,,,
52,8049,,,,,,,,,,,,,,,,,,,,,,,0.00010026393283624202,0.00010026393283624202,3.232564267818816e-06,,,,,,,,,,,,,,,,,,,
52,8099,,,,,,,,,,,,,,,,,,,,,,,0.00010026393283624202,0.00010026393283624202,3.232564267818816e-06,,,,,,,,,,,,,,,,,,,
52,8108,,,,,,,,,,,,,,,,,,,,,,,,,,0.9833122491836548,0.8379981517791748,0.6691223382949829,0.8966061472892761,0.75594562292099,0.82198566198349,0.7381669282913208,0.8943459987640381,0.9118380546569824,0.9262785315513611,0.8329933285713196,0.9165814518928528,4.598263740539551,0.9238119721412659,0.8246853947639465,0.8554781675338745,0.9077591300010681,0.9263003468513489,0.8992044925689697
52,8108,3894.29052734375,3894.23291015625,3894.02978515625,3893.598876953125,3894.29296875,0.9186103940010071,3.4346213340759277,0.025868382304906845,0.02906106226146221,0.02710060402750969,0.02632933109998703,0.049085475504398346,0.3253902792930603,0.41566863656044006,0.350932776927948,0.3322063684463501,0.4711642265319824,0.06375204026699066,0.07136277109384537,0.06706467270851135,0.06506308168172836,0.10877453535795212,,,,,,,,,,,,,,,,,,,,,,
53,8149,,,,,,,,,,,,,,,,,,,,,,,0.00010026393283624202,0.00010026393283624202,3.232564267818816e-06,,,,,,,,,,,,,,,,,,,
53,8199,,,,,,,,,,,,,,,,,,,,,,,0.00010026393283624202,0.00010026393283624202,3.232564267818816e-06,,,,,,,,,,,,,,,,,,,
53,8249,,,,,,,,,,,,,,,,,,,,,,,0.00010026393283624202,0.00010026393283624202,3.232564267818816e-06,,,,,,,,,,,,,,,,,,,
53,8261,,,,,,,,,,,,,,,,,,,,,,,,,,0.9774112105369568,0.8469850420951843,0.6944727897644043,0.9000915288925171,0.7510785460472107,0.8288490772247314,0.7478550672531128,0.8720694780349731,0.915715754032135,0.9284834265708923,0.8367629051208496,0.9153661727905273,4.464844703674316,0.9271823763847351,0.8273515701293945,0.8653566241264343,0.9095234274864197,0.9470740556716919,0.8885632753372192
53,8261,3894.3173828125,3894.26708984375,3894.087890625,3893.974609375,3894.318603515625,0.8710147738456726,3.522091865539551,0.026795025914907455,0.029420917853713036,0.028064820915460587,0.027293028309941292,0.050698865205049515,0.3302293121814728,0.4301646053791046,0.3583678901195526,0.3373086154460907,0.4801909625530243,0.06577279418706894,0.07250910997390747,0.06922916322946548,0.06718582659959793,0.11253701150417328,,,,,,,,,,,,,,,,,,,,,,
54,8299,,,,,,,,,,,,,,,,,,,,,,,0.00010026393283624202,0.00010026393283624202,3.232564267818816e-06,,,,,,,,,,,,,,,,,,,
54,8349,,,,,,,,,,,,,,,,,,,,,,,0.00010026393283624202,0.00010026393283624202,3.232564267818816e-06,,,,,,,,,,,,,,,,,,,
54,8399,,,,,,,,,,,,,,,,,,,,,,,0.00010026393283624202,0.00010026393283624202,3.232564267818816e-06,,,,,,,,,,,,,,,,,,,
54,8414,,,,,,,,,,,,,,,,,,,,,,,,,,0.9751268029212952,0.8452671766281128,0.6623907685279846,0.8957488536834717,0.7519099116325378,0.8130947351455688,0.7594448328018188,0.8857998847961426,0.914741575717926,0.9269059300422668,0.837351381778717,0.9160586595535278,4.502854347229004,0.9175207018852234,0.8235978484153748,0.8603581190109253,0.9103198051452637,0.9250625371932983,0.9058298468589783
54,8414,3894.296142578125,3894.2646484375,3894.205078125,3893.988037109375,3894.30224609375,0.6691734790802002,3.4674370288848877,0.02623322419822216,0.02876902185380459,0.027369804680347443,0.026700222864747047,0.049126412719488144,0.32656458020210266,0.4229917824268341,0.35486841201782227,0.33511894941329956,0.47284215688705444,0.06540728360414505,0.07191327959299088,0.06843110918998718,0.06665702164173126,0.10962031036615372,,,,,,,,,,,,,,,,,,,,,,
55,8449,,,,,,,,,,,,,,,,,,,,,,,0.00010026393283624202,0.00010026393283624202,3.232564267818816e-06,,,,,,,,,,,,,,,,,,,
55,8499,,,,,,,,,,,,,,,,,,,,,,,0.00010026393283624202,0.00010026393283624202,3.232564267818816e-06,,,,,,,,,,,,,,,,,,,
55,8549,,,,,,,,,,,,,,,,,,,,,,,0.00010026393283624202,0.00010026393283624202,3.232564267818816e-06,,,,,,,,,,,,,,,,,,,
55,8567,,,,,,,,,,,,,,,,,,,,,,,,,,0.9772512912750244,0.8315367698669434,0.6782760620117188,0.8915390968322754,0.7477213740348816,0.8060580492019653,0.7603158950805664,0.8561933040618896,0.9070565700531006,0.9270000457763672,0.8320978283882141,0.9189480543136597,4.676302433013916,0.9199420809745789,0.8186115026473999,0.8554028868675232,0.907058835029602,0.9285252094268799,0.8882813453674316
55,8567,3894.314208984375,3894.245849609375,3894.2548828125,3894.065673828125,3894.316162109375,0.7803813815116882,3.4297146797180176,0.02582101710140705,0.028670242056250572,0.02701725997030735,0.026262102648615837,0.048660535365343094,0.3270975351333618,0.4204366207122803,0.35301339626312256,0.3341425359249115,0.47105562686920166,0.06299276649951935,0.07019329816102982,0.06621206551790237,0.06430982798337936,0.10719865560531616,,,,,,,,,,,,,,,,,,,,,,
56,8599,,,,,,,,,,,,,,,,,,,,,,,0.00010026393283624202,0.00010026393283624202,3.232564267818816e-06,,,,,,,,,,,,,,,,,,,
56,8649,,,,,,,,,,,,,,,,,,,,,,,0.00010026393283624202,0.00010026393283624202,3.232564267818816e-06,,,,,,,,,,,,,,,,,,,
56,8699,,,,,,,,,,,,,,,,,,,,,,,0.00010026393283624202,0.00010026393283624202,3.232564267818816e-06,,,,,,,,,,,,,,,,,,,
56,8720,,,,,,,,,,,,,,,,,,,,,,,,,,0.9755433201789856,0.847305953502655,0.6787983775138855,0.8953244686126709,0.7443403601646423,0.8204976916313171,0.7266329526901245,0.8484976887702942,0.9186733365058899,0.9239826202392578,0.8281939029693604,0.9189250469207764,4.727133274078369,0.9219480156898499,0.8171176314353943,0.8473830819129944,0.9109748601913452,0.947503924369812,0.8946808576583862
56,8720,3894.32177734375,3894.316650390625,3894.30810546875,3894.30322265625,3894.324462890625,0.7222632169723511,3.500342607498169,0.02668824791908264,0.0297233909368515,0.027941806241869926,0.02717842534184456,0.05012616142630577,0.3266453742980957,0.42565208673477173,0.3552241623401642,0.3351037800312042,0.484116792678833,0.06517904251813889,0.07238193601369858,0.06823252886533737,0.06650872528553009,0.11035234481096268,,,,,,,,,,,,,,,,,,,,,,
57,8749,,,,,,,,,,,,,,,,,,,,,,,0.00010026393283624202,0.00010026393283624202,3.232564267818816e-06,,,,,,,,,,,,,,,,,,,
57,8799,,,,,,,,,,,,,,,,,,,,,,,0.00010026393283624202,0.00010026393283624202,3.232564267818816e-06,,,,,,,,,,,,,,,,,,,
57,8849,,,,,,,,,,,,,,,,,,,,,,,0.00010026393283624202,0.00010026393283624202,3.232564267818816e-06,,,,,,,,,,,,,,,,,,,
57,8873,,,,,,,,,,,,,,,,,,,,,,,,,,0.9808065295219421,0.8560570478439331,0.676102876663208,0.890475332736969,0.7484545707702637,0.7958627939224243,0.7774878740310669,0.8772150278091431,0.9070762395858765,0.9221928715705872,0.8244407773017883,0.9174466729164124,4.6346116065979,0.9235473871231079,0.8253077864646912,0.858263373374939,0.9100221395492554,0.9310091733932495,0.8862131237983704
57,8873,3894.28515625,3894.26953125,3894.203857421875,3894.20556640625,3894.29248046875,0.6081730127334595,3.3714137077331543,0.025498628616333008,0.028599923476576805,0.02702462673187256,0.02610880322754383,0.04860849678516388,0.31111258268356323,0.41344505548477173,0.3394218981266022,0.3203931450843811,0.46721169352531433,0.06279568374156952,0.06983941793441772,0.06619015336036682,0.06423870474100113,0.10724912583827972,,,,,,,,,,,,,,,,,,,,,,
58,8899,,,,,,,,,,,,,,,,,,,,,,,0.00010026393283624202,0.00010026393283624202,3.232564267818816e-06,,,,,,,,,,,,,,,,,,,
58,8949,,,,,,,,,,,,,,,,,,,,,,,0.00010026393283624202,0.00010026393283624202,3.232564267818816e-06,,,,,,,,,,,,,,,,,,,
58,8999,,,,,,,,,,,,,,,,,,,,,,,0.00010026393283624202,0.00010026393283624202,3.232564267818816e-06,,,,,,,,,,,,,,,,,,,
58,9026,,,,,,,,,,,,,,,,,,,,,,,,,,0.977532148361206,0.8628286123275757,0.6668040156364441,0.9013722538948059,0.7305667996406555,0.8185088038444519,0.7240780591964722,0.8862218260765076,0.9117721915245056,0.9211083650588989,0.8318021893501282,0.9173935055732727,4.560279846191406,0.9141423106193542,0.8209890723228455,0.8571996688842773,0.9126067757606506,0.9368157982826233,0.8900064826011658
58,9026,3894.2646484375,3894.255615234375,3894.20556640625,3894.073974609375,3894.26953125,0.6785146594047546,3.348597288131714,0.025389142334461212,0.02813046984374523,0.02667389065027237,0.025901133194565773,0.047754235565662384,0.3138246238231659,0.40813589096069336,0.34017616510391235,0.3216276168823242,0.46028709411621094,0.06254266947507858,0.06907444447278976,0.06584060937166214,0.06384772807359695,0.10634493082761765,,,,,,,,,,,,,,,,,,,,,,
59,9049,,,,,,,,,,,,,,,,,,,,,,,0.00010026393283624202,0.00010026393283624202,3.232564267818816e-06,,,,,,,,,,,,,,,,,,,
59,9099,,,,,,,,,,,,,,,,,,,,,,,0.00010026393283624202,0.00010026393283624202,3.232564267818816e-06,,,,,,,,,,,,,,,,,,,
59,9149,,,,,,,,,,,,,,,,,,,,,,,0.00010026393283624202,0.00010026393283624202,3.232564267818816e-06,,,,,,,,,,,,,,,,,,,
59,9179,,,,,,,,,,,,,,,,,,,,,,,,,,0.9720868468284607,0.8707762956619263,0.6370014548301697,0.8986169099807739,0.755416989326477,0.8264225125312805,0.7553054094314575,0.8789851665496826,0.9077910780906677,0.9183756113052368,0.8298402428627014,0.9146207571029663,4.554980278015137,0.917912483215332,0.8243264555931091,0.8608776926994324,0.9120409488677979,0.9321092367172241,0.8867259621620178
59,9179,3894.27294921875,3894.293212890625,3894.271728515625,3894.091064453125,3894.295654296875,0.7542558312416077,3.354813814163208,0.025005998089909554,0.028159433975815773,0.02637265995144844,0.025443652644753456,0.04757782816886902,0.31219449639320374,0.4105958342552185,0.34111252427101135,0.32188984751701355,0.46524009108543396,0.06243022531270981,0.07044323533773422,0.06613227725028992,0.06380745023488998,0.10767790675163269,,,,,,,,,,,,,,,,,,,,,,
60,9199,,,,,,,,,,,,,,,,,,,,,,,0.00010026393283624202,0.00010026393283624202,3.232564267818816e-06,,,,,,,,,,,,,,,,,,,
60,9249,,,,,,,,,,,,,,,,,,,,,,,0.00010026393283624202,0.00010026393283624202,3.232564267818816e-06,,,,,,,,,,,,,,,,,,,
60,9299,,,,,,,,,,,,,,,,,,,,,,,0.00010026393283624202,0.00010026393283624202,3.232564267818816e-06,,,,,,,,,,,,,,,,,,,
60,9332,,,,,,,,,,,,,,,,,,,,,,,,,,0.9764457941055298,0.8716443777084351,0.6459012031555176,0.8992188572883606,0.7439178228378296,0.8177796602249146,0.757996678352356,0.8870121836662292,0.9132551550865173,0.9230138063430786,0.831981897354126,0.9139682054519653,4.541058540344238,0.9221072793006897,0.8249895572662354,0.8587253093719482,0.9062943458557129,0.9446966648101807,0.8871551156044006
60,9332,3894.27490234375,3894.2919921875,3894.2607421875,3894.14990234375,3894.293701171875,0.7321740984916687,3.372257709503174,0.025007793679833412,0.028222043067216873,0.026503238826990128,0.025415921583771706,0.04886435717344284,0.31713226437568665,0.40979504585266113,0.3441341817378998,0.32635265588760376,0.46504825353622437,0.062306877225637436,0.0699162632226944,0.06572955846786499,0.06327694654464722,0.10863412916660309,,,,,,,,,,,,,,,,,,,,,,
61,9349,,,,,,,,,,,,,,,,,,,,,,,0.00010026393283624202,0.00010026393283624202,3.232564267818816e-06,,,,,,,,,,,,,,,,,,,
61,9399,,,,,,,,,,,,,,,,,,,,,,,0.00010026393283624202,0.00010026393283624202,3.232564267818816e-06,,,,,,,,,,,,,,,,,,,
61,9449,,,,,,,,,,,,,,,,,,,,,,,0.00010026393283624202,0.00010026393283624202,3.232564267818816e-06,,,,,,,,,,,,,,,,,,,
61,9485,,,,,,,,,,,,,,,,,,,,,,,,,,0.9704802632331848,0.8538438677787781,0.6645986437797546,0.8945155739784241,0.7613165974617004,0.8144972324371338,0.7569785714149475,0.8709508776664734,0.9119270443916321,0.9218860864639282,0.8299686908721924,0.9123011827468872,4.475907325744629,0.9193336963653564,0.823397696018219,0.8606537580490112,0.9103929996490479,0.938900351524353,0.8881514072418213
61,9485,3894.21044921875,3894.27490234375,3894.266357421875,3894.048583984375,3894.27490234375,0.6765163540840149,3.381549119949341,0.025180809199810028,0.028231941163539886,0.026196330785751343,0.025627264752984047,0.04891590774059296,0.3125557601451874,0.41821494698524475,0.3443446755409241,0.3219078779220581,0.4688661992549896,0.06300097703933716,0.07022836059331894,0.06589724123477936,0.06416969001293182,0.10915300250053406,,,,,,,,,,,,,,,,,,,,,,
62,9499,,,,,,,,,,,,,,,,,,,,,,,0.00010026393283624202,0.00010026393283624202,3.232564267818816e-06,,,,,,,,,,,,,,,,,,,
62,9549,,,,,,,,,,,,,,,,,,,,,,,0.00010026393283624202,0.00010026393283624202,3.232564267818816e-06,,,,,,,,,,,,,,,,,,,
62,9599,,,,,,,,,,,,,,,,,,,,,,,0.00010026393283624202,0.00010026393283624202,3.232564267818816e-06,,,,,,,,,,,,,,,,,,,
62,9638,,,,,,,,,,,,,,,,,,,,,,,,,,0.963321328163147,0.8572094440460205,0.659898579120636,0.9013887643814087,0.7569336891174316,0.8178645372390747,0.705466628074646,0.8617494106292725,0.9101760983467102,0.9196078777313232,0.8262884616851807,0.9155129194259644,4.505221366882324,0.9169170260429382,0.815479040145874,0.8452666997909546,0.9095999002456665,0.9341858625411987,0.8893005847930908
62,9638,3894.271240234375,3894.310791015625,3894.28515625,3894.161865234375,3894.311767578125,0.7696613669395447,3.3690145015716553,0.025212189182639122,0.02822214551270008,0.02655537612736225,0.02570035122334957,0.04915495961904526,0.3116857707500458,0.41802459955215454,0.3403947055339813,0.3199594020843506,0.47248974442481995,0.0616791658103466,0.06877195835113525,0.06495941430330276,0.06301459670066833,0.10769234597682953,,,,,,,,,,,,,,,,,,,,,,
63,9649,,,,,,,,,,,,,,,,,,,,,,,0.00010026393283624202,0.00010026393283624202,3.232564267818816e-06,,,,,,,,,,,,,,,,,,,
63,9699,,,,,,,,,,,,,,,,,,,,,,,0.00010026393283624202,0.00010026393283624202,3.232564267818816e-06,,,,,,,,,,,,,,,,,,,
63,9749,,,,,,,,,,,,,,,,,,,,,,,0.00010026393283624202,0.00010026393283624202,3.232564267818816e-06,,,,,,,,,,,,,,,,,,,
63,9791,,,,,,,,,,,,,,,,,,,,,,,,,,0.9725274443626404,0.8534136414527893,0.6689468026161194,0.8951385617256165,0.7634483575820923,0.8294697403907776,0.7345174551010132,0.8952701687812805,0.9142687916755676,0.9216598868370056,0.8293529748916626,0.9119466543197632,4.500940799713135,0.9229980707168579,0.8265915513038635,0.86396723985672,0.9154756665229797,0.9482098817825317,0.8853136301040649
63,9791,3894.279296875,3894.303955078125,3894.28466796875,3894.100830078125,3894.304443359375,0.6546133160591125,3.3728933334350586,0.025507062673568726,0.02821929194033146,0.02680676244199276,0.025961462408304214,0.04932278022170067,0.30999311804771423,0.41739991307258606,0.33838310837745667,0.31844860315322876,0.4745476543903351,0.06158697232604027,0.06892084330320358,0.06511170417070389,0.0628172904253006,0.1090799942612648,,,,,,,,,,,,,,,,,,,,,,
64,9799,,,,,,,,,,,,,,,,,,,,,,,0.00010026393283624202,0.00010026393283624202,3.232564267818816e-06,,,,,,,,,,,,,,,,,,,
64,9849,,,,,,,,,,,,,,,,,,,,,,,0.00010026393283624202,0.00010026393283624202,3.232564267818816e-06,,,,,,,,,,,,,,,,,,,
64,9899,,,,,,,,,,,,,,,,,,,,,,,0.00010026393283624202,0.00010026393283624202,3.232564267818816e-06,,,,,,,,,,,,,,,,,,,
64,9944,,,,,,,,,,,,,,,,,,,,,,,,,,0.9698887467384338,0.8594391345977783,0.6743248701095581,0.899808406829834,0.7671871185302734,0.8130048513412476,0.7485476136207581,0.8853458166122437,0.9184410572052002,0.9200547337532043,0.8300074338912964,0.9213433265686035,4.562679767608643,0.9238042831420898,0.8271933197975159,0.8553109169006348,0.9198540449142456,0.9447733163833618,0.8952623009681702
64,9944,3894.26318359375,3894.296630859375,3894.2802734375,3894.199462890625,3894.2978515625,0.7064241170883179,3.4364092350006104,0.02542455866932869,0.0287229772657156,0.02665780484676361,0.025775257498025894,0.05058777704834938,0.31826910376548767,0.4276987314224243,0.34910714626312256,0.3283000588417053,0.48291534185409546,0.06232777610421181,0.06993533670902252,0.06570149958133698,0.0635981336236,0.1105765551328659,,,,,,,,,,,,,,,,,,,,,,
65,9949,,,,,,,,,,,,,,,,,,,,,,,0.00010026393283624202,0.00010026393283624202,3.232564267818816e-06,,,,,,,,,,,,,,,,,,,
65,9999,,,,,,,,,,,,,,,,,,,,,,,0.00010026393283624202,0.00010026393283624202,3.232564267818816e-06,,,,,,,,,,,,,,,,,,,
65,10049,,,,,,,,,,,,,,,,,,,,,,,0.00010026393283624202,0.00010026393283624202,3.232564267818816e-06,,,,,,,,,,,,,,,,,,,
65,10097,,,,,,,,,,,,,,,,,,,,,,,,,,0.962971031665802,0.8713968396186829,0.630264163017273,0.893258810043335,0.7567443251609802,0.8204024434089661,0.7452927231788635,0.8741350173950195,0.9010610580444336,0.9203411936759949,0.8296071290969849,0.9201085567474365,4.524404525756836,0.915363609790802,0.8193081617355347,0.854739248752594,0.913022518157959,0.9227475523948669,0.882021963596344
65,10097,3894.330078125,3894.339111328125,3894.31982421875,3894.25048828125,3894.339111328125,0.627329409122467,3.341564416885376,0.02490621618926525,0.028264258056879044,0.0262876246124506,0.025462361052632332,0.04827781394124031,0.3078587055206299,0.4127160310745239,0.33690208196640015,0.31725502014160156,0.46670281887054443,0.06168103218078613,0.06963338702917099,0.06506755948066711,0.06290321052074432,0.10778430849313736,,,,,,,,,,,,,,,,,,,,,,
66,10099,,,,,,,,,,,,,,,,,,,,,,,0.00010026393283624202,0.00010026393283624202,3.232564267818816e-06,,,,,,,,,,,,,,,,,,,
66,10149,,,,,,,,,,,,,,,,,,,,,,,0.00010026393283624202,0.00010026393283624202,3.232564267818816e-06,,,,,,,,,,,,,,,,,,,
66,10199,,,,,,,,,,,,,,,,,,,,,,,0.00010026393283624202,0.00010026393283624202,3.232564267818816e-06,,,,,,,,,,,,,,,,,,,
66,10249,,,,,,,,,,,,,,,,,,,,,,,0.00010026393283624202,0.00010026393283624202,3.232564267818816e-06,,,,,,,,,,,,,,,,,,,
66,10250,,,,,,,,,,,,,,,,,,,,,,,,,,0.9656729698181152,0.8512261509895325,0.6816454529762268,0.892841637134552,0.7560534477233887,0.797753632068634,0.7361684441566467,0.8657478094100952,0.9146135449409485,0.9199405908584595,0.8303584456443787,0.9174305200576782,4.620084762573242,0.9193956851959229,0.8183887004852295,0.8463495373725891,0.9121934771537781,0.9394937753677368,0.8933131694793701
66,10250,3894.283935546875,3894.29296875,3894.29052734375,3894.195556640625,3894.29296875,0.6383273601531982,3.3803420066833496,0.025491686537861824,0.028352294117212296,0.026651224121451378,0.025796644389629364,0.050976090133190155,0.3088957369327545,0.4076725244522095,0.3372315466403961,0.317960649728775,0.46473079919815063,0.06375657767057419,0.07040397822856903,0.06695032864809036,0.06474233418703079,0.11290233582258224,,,,,,,,,,,,,,,,,,,,,,
67,10299,,,,,,,,,,,,,,,,,,,,,,,0.00010026393283624202,0.00010026393283624202,3.232564267818816e-06,,,,,,,,,,,,,,,,,,,
67,10349,,,,,,,,,,,,,,,,,,,,,,,0.00010026393283624202,0.00010026393283624202,3.232564267818816e-06,,,,,,,,,,,,,,,,,,,
67,10399,,,,,,,,,,,,,,,,,,,,,,,0.00010026393283624202,0.00010026393283624202,3.232564267818816e-06,,,,,,,,,,,,,,,,,,,
67,10403,,,,,,,,,,,,,,,,,,,,,,,,,,0.9650551080703735,0.8556454181671143,0.684902012348175,0.9010429382324219,0.7417981028556824,0.8080306649208069,0.729993462562561,0.8769087791442871,0.9151861667633057,0.9232943654060364,0.8291381597518921,0.9160555601119995,4.595880508422852,0.9211093783378601,0.8204220533370972,0.8434727191925049,0.9051882028579712,0.9242787957191467,0.9079787731170654
67,10403,3894.25048828125,3894.279052734375,3894.269287109375,3894.12939453125,3894.280517578125,0.6018189787864685,3.3061158657073975,0.024527564644813538,0.027412276715040207,0.025956910103559494,0.025013845413923264,0.04749090597033501,0.3084181845188141,0.40818265080451965,0.33690547943115234,0.3165043294429779,0.4585912823677063,0.061365652829408646,0.06791245937347412,0.06464189291000366,0.06266757100820541,0.10616591572761536,,,,,,,,,,,,,,,,,,,,,,
68,10449,,,,,,,,,,,,,,,,,,,,,,,0.00010026393283624202,0.00010026393283624202,3.232564267818816e-06,,,,,,,,,,,,,,,,,,,
68,10499,,,,,,,,,,,,,,,,,,,,,,,0.00010026393283624202,0.00010026393283624202,3.232564267818816e-06,,,,,,,,,,,,,,,,,,,
68,10549,,,,,,,,,,,,,,,,,,,,,,,0.00010026393283624202,0.00010026393283624202,3.232564267818816e-06,,,,,,,,,,,,,,,,,,,
68,10556,,,,,,,,,,,,,,,,,,,,,,,,,,0.9710237979888916,0.8584972023963928,0.6817625761032104,0.9010667204856873,0.7602790594100952,0.8119527101516724,0.7547075748443604,0.8619634509086609,0.9157800674438477,0.9253881573677063,0.8284473419189453,0.913934588432312,4.498624324798584,0.9220152497291565,0.8251566290855408,0.8557671308517456,0.9112813472747803,0.9470290541648865,0.8901852369308472
68,10556,3894.303466796875,3894.315673828125,3894.311767578125,3894.263916015625,3894.315673828125,0.5304543375968933,3.315596342086792,0.025250229984521866,0.028070908039808273,0.026442596688866615,0.025353802368044853,0.048984985798597336,0.3013477027416229,0.40619418025016785,0.3364610970020294,0.31188085675239563,0.4554511606693268,0.06215119734406471,0.06918388605117798,0.0653538703918457,0.06303483992815018,0.10715038329362869,,,,,,,,,,,,,,,,,,,,,,
69,10599,,,,,,,,,,,,,,,,,,,,,,,0.00010026393283624202,0.00010026393283624202,3.232564267818816e-06,,,,,,,,,,,,,,,,,,,
69,10649,,,,,,,,,,,,,,,,,,,,,,,0.00010026393283624202,0.00010026393283624202,3.232564267818816e-06,,,,,,,,,,,,,,,,,,,
69,10699,,,,,,,,,,,,,,,,,,,,,,,0.00010026393283624202,0.00010026393283624202,3.232564267818816e-06,,,,,,,,,,,,,,,,,,,
69,10709,,,,,,,,,,,,,,,,,,,,,,,,,,0.9656875729560852,0.8533373475074768,0.6868468523025513,0.8968048691749573,0.7505330443382263,0.8066089749336243,0.7585544586181641,0.8692178130149841,0.9149039387702942,0.9268642067909241,0.8299203515052795,0.9119805693626404,4.5832319259643555,0.9240484237670898,0.8234488368034363,0.8578428626060486,0.9123494029045105,0.9292362928390503,0.902115523815155
69,10709,3894.2802734375,3894.299072265625,3894.296875,3894.189208984375,3894.29931640625,0.5927039980888367,3.3384366035461426,0.024898076429963112,0.028110023587942123,0.026205377653241158,0.025408821180462837,0.048970453441143036,0.30493417382240295,0.4104261100292206,0.33927175402641296,0.31319209933280945,0.4652365744113922,0.06184064969420433,0.06941545754671097,0.06530848145484924,0.06319592893123627,0.10894547402858734,,,,,,,,,,,,,,,,,,,,,,
70,10749,,,,,,,,,,,,,,,,,,,,,,,0.00010026393283624202,0.00010026393283624202,3.232564267818816e-06,,,,,,,,,,,,,,,,,,,
70,10799,,,,,,,,,,,,,,,,,,,,,,,0.00010026393283624202,0.00010026393283624202,3.232564267818816e-06,,,,,,,,,,,,,,,,,,,
70,10849,,,,,,,,,,,,,,,,,,,,,,,0.00010026393283624202,0.00010026393283624202,3.232564267818816e-06,,,,,,,,,,,,,,,,,,,
70,10862,,,,,,,,,,,,,,,,,,,,,,,,,,0.9650667309761047,0.8595167994499207,0.641412079334259,0.9022160768508911,0.7482221722602844,0.8208733797073364,0.7650040984153748,0.8831643462181091,0.9096854329109192,0.9240972399711609,0.8333265781402588,0.9129880666732788,4.731456756591797,0.9174686074256897,0.8231844902038574,0.8486078381538391,0.9098037481307983,0.9128214716911316,0.9075760245323181
70,10862,3894.32568359375,3894.328125,3894.32275390625,3894.283203125,3894.329345703125,0.5172151327133179,3.270677328109741,0.024808255955576897,0.027940332889556885,0.025933098047971725,0.025183623656630516,0.048120878636837006,0.29822322726249695,0.403627872467041,0.3301904797554016,0.30758538842201233,0.45451200008392334,0.06044474616646767,0.06764935702085495,0.06318914145231247,0.06147211417555809,0.10554815828800201,,,,,,,,,,,,,,,,,,,,,,
71,10899,,,,,,,,,,,,,,,,,,,,,,,0.00010026393283624202,0.00010026393283624202,3.232564267818816e-06,,,,,,,,,,,,,,,,,,,
71,10949,,,,,,,,,,,,,,,,,,,,,,,0.00010026393283624202,0.00010026393283624202,3.232564267818816e-06,,,,,,,,,,,,,,,,,,,
71,10999,,,,,,,,,,,,,,,,,,,,,,,0.00010026393283624202,0.00010026393283624202,3.232564267818816e-06,,,,,,,,,,,,,,,,,,,
71,11015,,,,,,,,,,,,,,,,,,,,,,,,,,0.9688385128974915,0.8610075116157532,0.6520513296127319,0.8943772912025452,0.7531103491783142,0.8189747929573059,0.6972134113311768,0.8581353425979614,0.9177637696266174,0.9236559271812439,0.8288375735282898,0.9085985422134399,4.5106425285339355,0.9215865135192871,0.8129635453224182,0.8439106941223145,0.91048663854599,0.9384475946426392,0.8995717763900757
71,11015,3894.296630859375,3894.30810546875,3894.305908203125,3894.251953125,3894.30810546875,0.5138123631477356,3.2661561965942383,0.02465338259935379,0.027902159839868546,0.026093795895576477,0.02519816718995571,0.04752050340175629,0.3000343441963196,0.4009649157524109,0.330501914024353,0.3086491823196411,0.4533376395702362,0.06015997752547264,0.06797727197408676,0.06360361725091934,0.06154574453830719,0.10462724417448044,,,,,,,,,,,,,,,,,,,,,,
72,11049,,,,,,,,,,,,,,,,,,,,,,,0.00010026393283624202,0.00010026393283624202,3.232564267818816e-06,,,,,,,,,,,,,,,,,,,
72,11099,,,,,,,,,,,,,,,,,,,,,,,0.00010026393283624202,0.00010026393283624202,3.232564267818816e-06,,,,,,,,,,,,,,,,,,,
72,11149,,,,,,,,,,,,,,,,,,,,,,,0.00010026393283624202,0.00010026393283624202,3.232564267818816e-06,,,,,,,,,,,,,,,,,,,
72,11168,,,,,,,,,,,,,,,,,,,,,,,,,,0.9560641646385193,0.8570338487625122,0.6773515343666077,0.9019846320152283,0.7649495601654053,0.8015601634979248,0.7371653318405151,0.8807512521743774,0.913752555847168,0.9235973358154297,0.821755051612854,0.9122241735458374,4.6271233558654785,0.9231215119361877,0.8221075534820557,0.8537015914916992,0.9160997867584229,0.9242429733276367,0.9041122794151306
72,11168,3894.2568359375,3894.279052734375,3894.27294921875,3894.196044921875,3894.279052734375,0.5878044366836548,3.2224371433258057,0.02418212778866291,0.027185387909412384,0.02535136044025421,0.02451508864760399,0.046892691403627396,0.29587849974632263,0.39298734068870544,0.3243462145328522,0.30377861857414246,0.4530293941497803,0.06007296219468117,0.06702882051467896,0.06307436525821686,0.06110948696732521,0.10460618138313293,,,,,,,,,,,,,,,,,,,,,,
73,11199,,,,,,,,,,,,,,,,,,,,,,,0.00010026393283624202,0.00010026393283624202,3.232564267818816e-06,,,,,,,,,,,,,,,,,,,
73,11249,,,,,,,,,,,,,,,,,,,,,,,0.00010026393283624202,0.00010026393283624202,3.232564267818816e-06,,,,,,,,,,,,,,,,,,,
73,11299,,,,,,,,,,,,,,,,,,,,,,,0.00010026393283624202,0.00010026393283624202,3.232564267818816e-06,,,,,,,,,,,,,,,,,,,
73,11321,,,,,,,,,,,,,,,,,,,,,,,,,,0.9666693210601807,0.8622254133224487,0.6940852999687195,0.8982917070388794,0.750064492225647,0.8009916543960571,0.758238673210144,0.879745602607727,0.9209963083267212,0.9245701432228088,0.8286208510398865,0.9134077429771423,4.549527645111084,0.9236704111099243,0.8262890577316284,0.8577979207038879,0.907497763633728,0.9277050495147705,0.9152303338050842
73,11321,3894.284423828125,3894.287109375,3894.283935546875,3894.265869140625,3894.287109375,0.5777074098587036,3.2084500789642334,0.024147918447852135,0.0274761114269495,0.025386836379766464,0.024642353877425194,0.0467323400080204,0.29525214433670044,0.3905590772628784,0.3206671178340912,0.3041754961013794,0.44894543290138245,0.059560708701610565,0.0669717863202095,0.06276572495698929,0.06089991703629494,0.10326360166072845,,,,,,,,,,,,,,,,,,,,,,
74,11349,,,,,,,,,,,,,,,,,,,,,,,0.00010026393283624202,0.00010026393283624202,3.232564267818816e-06,,,,,,,,,,,,,,,,,,,
74,11399,,,,,,,,,,,,,,,,,,,,,,,0.00010026393283624202,0.00010026393283624202,3.232564267818816e-06,,,,,,,,,,,,,,,,,,,
74,11449,,,,,,,,,,,,,,,,,,,,,,,0.00010026393283624202,0.00010026393283624202,3.232564267818816e-06,,,,,,,,,,,,,,,,,,,
74,11474,,,,,,,,,,,,,,,,,,,,,,,,,,0.9796953201293945,0.8465532064437866,0.6573801636695862,0.8927209377288818,0.7525919079780579,0.8153831362724304,0.7219676971435547,0.8394874930381775,0.9097950458526611,0.9236566424369812,0.8245059251785278,0.9122769832611084,4.729405879974365,0.9165207743644714,0.8132224678993225,0.8412553071975708,0.9058566689491272,0.9203275442123413,0.900664210319519
74,11474,3894.288818359375,3894.30224609375,3894.29443359375,3894.2470703125,3894.30224609375,0.5257642269134521,3.1982741355895996,0.024289794266223907,0.027151279151439667,0.02535056881606579,0.024580132216215134,0.04722635820508003,0.28904762864112854,0.39303889870643616,0.3158179819583893,0.29752251505851746,0.450368732213974,0.05999995768070221,0.06710447371006012,0.06277745962142944,0.06099328026175499,0.10386813431978226,,,,,,,,,,,,,,,,,,,,,,
75,11499,,,,,,,,,,,,,,,,,,,,,,,0.00010026393283624202,0.00010026393283624202,3.232564267818816e-06,,,,,,,,,,,,,,,,,,,
75,11549,,,,,,,,,,,,,,,,,,,,,,,0.00010026393283624202,0.00010026393283624202,3.232564267818816e-06,,,,,,,,,,,,,,,,,,,
75,11599,,,,,,,,,,,,,,,,,,,,,,,0.00010026393283624202,0.00010026393283624202,3.232564267818816e-06,,,,,,,,,,,,,,,,,,,
75,11627,,,,,,,,,,,,,,,,,,,,,,,,,,0.9544028639793396,0.8619462251663208,0.6922001242637634,0.9005120396614075,0.7478859424591064,0.8126464486122131,0.7305712699890137,0.8847830891609192,0.9122490882873535,0.9198700785636902,0.8195556998252869,0.9101030230522156,4.663955211639404,0.9220840334892273,0.8231185078620911,0.8570058941841125,0.9096962809562683,0.9309194684028625,0.8977013826370239
75,11627,3894.256591796875,3894.265869140625,3894.25927734375,3894.171630859375,3894.266357421875,0.5249891877174377,3.1872522830963135,0.023876376450061798,0.02680719643831253,0.0249350406229496,0.024352965876460075,0.04702368378639221,0.2908966541290283,0.3925061821937561,0.32025644183158875,0.298554003238678,0.4440799355506897,0.05940048396587372,0.06662352383136749,0.06229522079229355,0.060527969151735306,0.10414392501115799,,,,,,,,,,,,,,,,,,,,,,
76,11649,,,,,,,,,,,,,,,,,,,,,,,0.00010026393283624202,0.00010026393283624202,3.232564267818816e-06,,,,,,,,,,,,,,,,,,,
76,11699,,,,,,,,,,,,,,,,,,,,,,,0.00010026393283624202,0.00010026393283624202,3.232564267818816e-06,,,,,,,,,,,,,,,,,,,
76,11749,,,,,,,,,,,,,,,,,,,,,,,0.00010026393283624202,0.00010026393283624202,3.232564267818816e-06,,,,,,,,,,,,,,,,,,,
76,11780,,,,,,,,,,,,,,,,,,,,,,,,,,0.9633544683456421,0.8448610901832581,0.6735743284225464,0.8999937176704407,0.7552077174186707,0.8121232390403748,0.72903972864151,0.8693504333496094,0.9111565947532654,0.9234369993209839,0.8239695429801941,0.9115403890609741,4.578587532043457,0.9234904646873474,0.8184380531311035,0.843323290348053,0.9116015434265137,0.9329636096954346,0.892300009727478
76,11780,3894.274169921875,3894.279052734375,3894.21484375,3894.142578125,3894.279052734375,0.6053767204284668,3.2079808712005615,0.02368282712996006,0.026859909296035767,0.0249494481831789,0.024088170379400253,0.04811308905482292,0.29244092106819153,0.393301784992218,0.3200506269931793,0.3008304238319397,0.45816996693611145,0.058604784309864044,0.06604120135307312,0.06148863956332207,0.05960610881447792,0.10661923140287399,,,,,,,,,,,,,,,,,,,,,,
77,11799,,,,,,,,,,,,,,,,,,,,,,,0.00010026393283624202,0.00010026393283624202,3.232564267818816e-06,,,,,,,,,,,,,,,,,,,
77,11849,,,,,,,,,,,,,,,,,,,,,,,0.00010026393283624202,0.00010026393283624202,3.232564267818816e-06,,,,,,,,,,,,,,,,,,,
77,11899,,,,,,,,,,,,,,,,,,,,,,,0.00010026393283624202,0.00010026393283624202,3.232564267818816e-06,,,,,,,,,,,,,,,,,,,
77,11933,,,,,,,,,,,,,,,,,,,,,,,,,,0.959337055683136,0.8753604292869568,0.6366851329803467,0.8990569710731506,0.7537854909896851,0.8041759729385376,0.7328323125839233,0.8478862643241882,0.9113495945930481,0.9251996874809265,0.8219349384307861,0.9132164120674133,4.607501983642578,0.9184204339981079,0.8136399388313293,0.8383153676986694,0.9094989895820618,0.943503737449646,0.8835998773574829
77,11933,3894.33056640625,3894.333251953125,3894.32177734375,3894.29052734375,3894.333740234375,0.5427131652832031,3.2115395069122314,0.024320464581251144,0.027478976175189018,0.025578927248716354,0.024688435718417168,0.04753054305911064,0.2896072268486023,0.39182785153388977,0.3191329836845398,0.2992967665195465,0.4531467854976654,0.059978991746902466,0.06711796671152115,0.06290628761053085,0.060953207314014435,0.10431420058012009,,,,,,,,,,,,,,,,,,,,,,
78,11949,,,,,,,,,,,,,,,,,,,,,,,0.00010026393283624202,0.00010026393283624202,3.232564267818816e-06,,,,,,,,,,,,,,,,,,,
78,11999,,,,,,,,,,,,,,,,,,,,,,,0.00010026393283624202,0.00010026393283624202,3.232564267818816e-06,,,,,,,,,,,,,,,,,,,
78,12049,,,,,,,,,,,,,,,,,,,,,,,0.00010026393283624202,0.00010026393283624202,3.232564267818816e-06,,,,,,,,,,,,,,,,,,,
78,12086,,,,,,,,,,,,,,,,,,,,,,,,,,0.9634405970573425,0.8749591708183289,0.6655126214027405,0.899819552898407,0.7550248503684998,0.7966573238372803,0.7426005601882935,0.8760092258453369,0.911279559135437,0.9253892302513123,0.8281365036964417,0.9099929928779602,4.626697063446045,0.9192677140235901,0.8217529654502869,0.8569399118423462,0.9149445295333862,0.94034743309021,0.8865355849266052
78,12086,3894.30322265625,3894.30224609375,3894.293212890625,3894.29736328125,3894.303466796875,0.4912499785423279,3.2595982551574707,0.0249331071972847,0.027774648740887642,0.025731155648827553,0.02513936720788479,0.04935073480010033,0.2933562099933624,0.3971032202243805,0.3240218162536621,0.3036135733127594,0.45378074049949646,0.06126448139548302,0.06746406853199005,0.06346715986728668,0.06208806112408638,0.1072554737329483,,,,,,,,,,,,,,,,,,,,,,
79,12099,,,,,,,,,,,,,,,,,,,,,,,0.00010026393283624202,0.00010026393283624202,3.232564267818816e-06,,,,,,,,,,,,,,,,,,,
79,12149,,,,,,,,,,,,,,,,,,,,,,,0.00010026393283624202,0.00010026393283624202,3.232564267818816e-06,,,,,,,,,,,,,,,,,,,
79,12199,,,,,,,,,,,,,,,,,,,,,,,0.00010026393283624202,0.00010026393283624202,3.232564267818816e-06,,,,,,,,,,,,,,,,,,,
79,12239,,,,,,,,,,,,,,,,,,,,,,,,,,0.9737457633018494,0.8614500164985657,0.6254504919052124,0.8879324197769165,0.753844141960144,0.7985646724700928,0.729774534702301,0.8694934248924255,0.9071564674377441,0.9218429923057556,0.8246976733207703,0.91061931848526,4.495727062225342,0.9153356552124023,0.8125319480895996,0.8519750237464905,0.9051806330680847,0.9260768294334412,0.89149010181427
79,12239,3894.299072265625,3894.301025390625,3894.29443359375,3894.298583984375,3894.301025390625,0.623451828956604,3.2359378337860107,0.024566950276494026,0.027826009318232536,0.02567572519183159,0.02492564357817173,0.04889081418514252,0.29377859830856323,0.39074814319610596,0.3208501636981964,0.30171000957489014,0.45229798555374146,0.06030447408556938,0.06738710403442383,0.06297551095485687,0.06125066801905632,0.10664579272270203,,,,,,,,,,,,,,,,,,,,,,
80,12249,,,,,,,,,,,,,,,,,,,,,,,0.00010026393283624202,0.00010026393283624202,3.232564267818816e-06,,,,,,,,,,,,,,,,,,,
80,12299,,,,,,,,,,,,,,,,,,,,,,,0.00010026393283624202,0.00010026393283624202,3.232564267818816e-06,,,,,,,,,,,,,,,,,,,
80,12349,,,,,,,,,,,,,,,,,,,,,,,0.00010026393283624202,0.00010026393283624202,3.232564267818816e-06,,,,,,,,,,,,,,,,,,,
80,12392,,,,,,,,,,,,,,,,,,,,,,,,,,0.9731212854385376,0.86368727684021,0.6295449137687683,0.8963238596916199,0.7453795671463013,0.798963189125061,0.7693614959716797,0.8595916628837585,0.9117197394371033,0.9208539128303528,0.8239545822143555,0.9099788069725037,4.652181148529053,0.917811930179596,0.8169966340065002,0.8534947633743286,0.907819390296936,0.9289301037788391,0.8980066776275635
80,12392,3894.308837890625,3894.310791015625,3894.294921875,3894.3076171875,3894.311279296875,0.5741670727729797,3.228391408920288,0.024661783128976822,0.027285678312182426,0.025612711906433105,0.025148572400212288,0.04849722981452942,0.2933054268360138,0.3880881369113922,0.3186473250389099,0.3005014657974243,0.4534003436565399,0.060581762343645096,0.06705976277589798,0.0632299929857254,0.0617988184094429,0.10653907060623169,,,,,,,,,,,,,,,,,,,,,,
81,12399,,,,,,,,,,,,,,,,,,,,,,,0.00010026393283624202,0.00010026393283624202,3.232564267818816e-06,,,,,,,,,,,,,,,,,,,
81,12449,,,,,,,,,,,,,,,,,,,,,,,0.00010026393283624202,0.00010026393283624202,3.232564267818816e-06,,,,,,,,,,,,,,,,,,,
81,12499,,,,,,,,,,,,,,,,,,,,,,,0.00010026393283624202,0.00010026393283624202,3.232564267818816e-06,,,,,,,,,,,,,,,,,,,
81,12545,,,,,,,,,,,,,,,,,,,,,,,,,,0.9738166928291321,0.8605202436447144,0.6749738454818726,0.8983929753303528,0.7378281354904175,0.813864529132843,0.7609524130821228,0.8834475874900818,0.921432375907898,0.9215533137321472,0.8279860615730286,0.9126936793327332,4.72855281829834,0.9212665557861328,0.8254745602607727,0.8640469908714294,0.9033651947975159,0.9428119659423828,0.9036238193511963
81,12545,3894.298583984375,3894.298095703125,3894.293212890625,3894.28271484375,3894.298583984375,0.6000688076019287,3.2491376399993896,0.024831239134073257,0.02812321111559868,0.026175683364272118,0.02530154585838318,0.049761321395635605,0.29099541902542114,0.3875410258769989,0.3167221248149872,0.29844653606414795,0.4507824182510376,0.061525046825408936,0.0690963938832283,0.06472287327051163,0.06280214339494705,0.10869599878787994,,,,,,,,,,,,,,,,,,,,,,
82,12549,,,,,,,,,,,,,,,,,,,,,,,0.00010026393283624202,0.00010026393283624202,3.232564267818816e-06,,,,,,,,,,,,,,,,,,,
82,12599,,,,,,,,,,,,,,,,,,,,,,,0.00010026393283624202,0.00010026393283624202,3.232564267818816e-06,,,,,,,,,,,,,,,,,,,
82,12649,,,,,,,,,,,,,,,,,,,,,,,0.00010026393283624202,0.00010026393283624202,3.232564267818816e-06,,,,,,,,,,,,,,,,,,,
82,12698,,,,,,,,,,,,,,,,,,,,,,,,,,0.9715014696121216,0.8599664568901062,0.7074689269065857,0.8993656635284424,0.7429233193397522,0.8087358474731445,0.7650437355041504,0.8751750588417053,0.9136095643043518,0.9232437610626221,0.8337914347648621,0.9126539826393127,4.692136764526367,0.9211557507514954,0.8287725448608398,0.8614511489868164,0.9097810387611389,0.9430696368217468,0.8878986239433289
82,12698,3894.27490234375,3894.276123046875,3894.254150390625,3894.212890625,3894.276123046875,0.5834274291992188,3.133348226547241,0.02399480901658535,0.02662915177643299,0.025120126083493233,0.024377964437007904,0.04579579457640648,0.28527405858039856,0.38128426671028137,0.31161701679229736,0.29313796758651733,0.43492379784584045,0.059041671454906464,0.06573574244976044,0.06187393516302109,0.060131534934043884,0.10197806358337402,,,,,,,,,,,,,,,,,,,,,,
83,12699,,,,,,,,,,,,,,,,,,,,,,,0.00010026393283624202,0.00010026393283624202,3.232564267818816e-06,,,,,,,,,,,,,,,,,,,
83,12749,,,,,,,,,,,,,,,,,,,,,,,0.00010026393283624202,0.00010026393283624202,3.232564267818816e-06,,,,,,,,,,,,,,,,,,,
83,12799,,,,,,,,,,,,,,,,,,,,,,,0.00010026393283624202,0.00010026393283624202,3.232564267818816e-06,,,,,,,,,,,,,,,,,,,
83,12849,,,,,,,,,,,,,,,,,,,,,,,0.00010026393283624202,0.00010026393283624202,3.232564267818816e-06,,,,,,,,,,,,,,,,,,,
83,12851,,,,,,,,,,,,,,,,,,,,,,,,,,0.96744304895401,0.8695763945579529,0.6626784801483154,0.8990767598152161,0.7521778345108032,0.8257753252983093,0.7447847723960876,0.8695454001426697,0.9140906929969788,0.9187240600585938,0.8311343193054199,0.9113220572471619,4.65644645690918,0.9174685478210449,0.8238822817802429,0.8590526580810547,0.9070044159889221,0.9372416138648987,0.8951737880706787
83,12851,3894.3017578125,3894.305908203125,3894.30029296875,3894.251708984375,3894.306396484375,0.6478214859962463,3.214799165725708,0.024591542780399323,0.027438942342996597,0.025815198197960854,0.025034863501787186,0.04832975193858147,0.28879961371421814,0.3860509395599365,0.3152468800544739,0.2963522970676422,0.44582241773605347,0.061437200754880905,0.06803998351097107,0.06450954079627991,0.06244121491909027,0.10680976510047913,,,,,,,,,,,,,,,,,,,,,,
84,12899,,,,,,,,,,,,,,,,,,,,,,,0.00010026393283624202,0.00010026393283624202,3.232564267818816e-06,,,,,,,,,,,,,,,,,,,
84,12949,,,,,,,,,,,,,,,,,,,,,,,0.00010026393283624202,0.00010026393283624202,3.232564267818816e-06,,,,,,,,,,,,,,,,,,,
84,12999,,,,,,,,,,,,,,,,,,,,,,,0.00010026393283624202,0.00010026393283624202,3.232564267818816e-06,,,,,,,,,,,,,,,,,,,
84,13004,,,,,,,,,,,,,,,,,,,,,,,,,,0.9570714831352234,0.8705627918243408,0.6658810377120972,0.8976079225540161,0.7354264259338379,0.8347868323326111,0.7367722988128662,0.8333390355110168,0.9157496690750122,0.9192658066749573,0.8257759809494019,0.9090375900268555,4.747982501983643,0.9186368584632874,0.8164309859275818,0.853215754032135,0.906674325466156,0.9454851746559143,0.8908965587615967
84,13004,3894.316650390625,3894.31982421875,3894.3173828125,3894.288330078125,3894.31982421875,0.5121073722839355,3.1630351543426514,0.0240828488022089,0.027672601863741875,0.025685790926218033,0.02462635189294815,0.04749085009098053,0.2812671661376953,0.377756267786026,0.3076384961605072,0.28923043608665466,0.4358498156070709,0.06064140796661377,0.06875025480985641,0.0643511414527893,0.06190444156527519,0.10610312223434448,,,,,,,,,,,,,,,,,,,,,,
85,13049,,,,,,,,,,,,,,,,,,,,,,,0.00010026393283624202,0.00010026393283624202,3.232564267818816e-06,,,,,,,,,,,,,,,,,,,
85,13099,,,,,,,,,,,,,,,,,,,,,,,0.00010026393283624202,0.00010026393283624202,3.232564267818816e-06,,,,,,,,,,,,,,,,,,,
85,13149,,,,,,,,,,,,,,,,,,,,,,,0.00010026393283624202,0.00010026393283624202,3.232564267818816e-06,,,,,,,,,,,,,,,,,,,
85,13157,,,,,,,,,,,,,,,,,,,,,,,,,,0.9716421961784363,0.8478533029556274,0.6714267134666443,0.8984719514846802,0.7516834139823914,0.8314674496650696,0.735023558139801,0.864355742931366,0.903631329536438,0.9239570498466492,0.8232215046882629,0.9084348082542419,4.625284671783447,0.9211610555648804,0.8214905261993408,0.8495726585388184,0.9018381834030151,0.9298040270805359,0.8809632658958435
85,13157,3894.296630859375,3894.2998046875,3894.296142578125,3894.276123046875,3894.2998046875,0.6256367564201355,3.181758165359497,0.02416125498712063,0.027335774153470993,0.025338854640722275,0.02446025237441063,0.04728720709681511,0.2881660461425781,0.38392311334609985,0.31446951627731323,0.29612433910369873,0.4394548237323761,0.060525745153427124,0.06788443773984909,0.06350674480199814,0.061349738389253616,0.10508527606725693,,,,,,,,,,,,,,,,,,,,,,
86,13199,,,,,,,,,,,,,,,,,,,,,,,0.00010026393283624202,0.00010026393283624202,3.232564267818816e-06,,,,,,,,,,,,,,,,,,,
86,13249,,,,,,,,,,,,,,,,,,,,,,,0.00010026393283624202,0.00010026393283624202,3.232564267818816e-06,,,,,,,,,,,,,,,,,,,
86,13299,,,,,,,,,,,,,,,,,,,,,,,0.00010026393283624202,0.00010026393283624202,3.232564267818816e-06,,,,,,,,,,,,,,,,,,,
86,13310,,,,,,,,,,,,,,,,,,,,,,,,,,0.9680899381637573,0.8626471161842346,0.6963917016983032,0.8951270580291748,0.7536658048629761,0.8101050853729248,0.7524091601371765,0.8454809784889221,0.9113759994506836,0.9206206202507019,0.822717547416687,0.9111942052841187,4.587165355682373,0.9215324521064758,0.8229896426200867,0.8585628867149353,0.9076344966888428,0.9439265727996826,0.8847624063491821
86,13310,3894.31298828125,3894.31298828125,3894.29052734375,3894.288330078125,3894.31298828125,0.5598170757293701,3.1512303352355957,0.024089643731713295,0.027193596586585045,0.025301599875092506,0.024481482803821564,0.047064557671546936,0.28136909008026123,0.38413742184638977,0.31003013253211975,0.2891368269920349,0.43650898337364197,0.05966220051050186,0.06687510758638382,0.06255368888378143,0.06074297055602074,0.10486289858818054,,,,,,,,,,,,,,,,,,,,,,
87,13349,,,,,,,,,,,,,,,,,,,,,,,0.00010026393283624202,0.00010026393283624202,3.232564267818816e-06,,,,,,,,,,,,,,,,,,,
87,13399,,,,,,,,,,,,,,,,,,,,,,,0.00010026393283624202,0.00010026393283624202,3.232564267818816e-06,,,,,,,,,,,,,,,,,,,
87,13449,,,,,,,,,,,,,,,,,,,,,,,0.00010026393283624202,0.00010026393283624202,3.232564267818816e-06,,,,,,,,,,,,,,,,,,,
87,13463,,,,,,,,,,,,,,,,,,,,,,,,,,0.955174446105957,0.8643913269042969,0.6677642464637756,0.9000584483146667,0.7491692304611206,0.8112767338752747,0.7394625544548035,0.8820065855979919,0.9200692772865295,0.9201763868331909,0.8270316123962402,0.9110956192016602,4.525033473968506,0.9146271347999573,0.8211629390716553,0.8478979468345642,0.9148086309432983,0.9335225820541382,0.9081514477729797
87,13463,3894.313720703125,3894.313720703125,3894.3076171875,3894.313720703125,3894.313720703125,0.5703316926956177,3.174517869949341,0.024284301325678825,0.027278367429971695,0.025608012452721596,0.02460107021033764,0.04666077718138695,0.2854706943035126,0.3841657340526581,0.3123358488082886,0.2939014434814453,0.43722668290138245,0.06076428294181824,0.06794803589582443,0.06411321461200714,0.061839763075113297,0.10496237128973007,,,,,,,,,,,,,,,,,,,,,,
88,13499,,,,,,,,,,,,,,,,,,,,,,,0.00010026393283624202,0.00010026393283624202,3.232564267818816e-06,,,,,,,,,,,,,,,,,,,
88,13549,,,,,,,,,,,,,,,,,,,,,,,0.00010026393283624202,0.00010026393283624202,3.232564267818816e-06,,,,,,,,,,,,,,,,,,,
88,13599,,,,,,,,,,,,,,,,,,,,,,,0.00010026393283624202,0.00010026393283624202,3.232564267818816e-06,,,,,,,,,,,,,,,,,,,
88,13616,,,,,,,,,,,,,,,,,,,,,,,,,,0.9549959301948547,0.871395468711853,0.6702123880386353,0.9008310437202454,0.7387988567352295,0.8019493222236633,0.7434403300285339,0.8515744805335999,0.9166114926338196,0.9202791452407837,0.8273598551750183,0.9109163880348206,4.702604293823242,0.9185959100723267,0.8166497349739075,0.8492377400398254,0.9061098694801331,0.9357462525367737,0.9002050161361694
88,13616,3894.321044921875,3894.321044921875,3894.30517578125,3894.310791015625,3894.321044921875,0.5139299035072327,3.1464481353759766,0.023686883971095085,0.026689548045396805,0.02497735619544983,0.02417866326868534,0.04717076197266579,0.2863222360610962,0.373903751373291,0.31239649653434753,0.2944541573524475,0.43290939927101135,0.05992523580789566,0.06684782356023788,0.06274378299713135,0.06108385697007179,0.10587221384048462,,,,,,,,,,,,,,,,,,,,,,
89,13649,,,,,,,,,,,,,,,,,,,,,,,0.00010026393283624202,0.00010026393283624202,3.232564267818816e-06,,,,,,,,,,,,,,,,,,,
89,13699,,,,,,,,,,,,,,,,,,,,,,,0.00010026393283624202,0.00010026393283624202,3.232564267818816e-06,,,,,,,,,,,,,,,,,,,
89,13749,,,,,,,,,,,,,,,,,,,,,,,0.00010026393283624202,0.00010026393283624202,3.232564267818816e-06,,,,,,,,,,,,,,,,,,,
89,13769,,,,,,,,,,,,,,,,,,,,,,,,,,0.9433913826942444,0.8500484824180603,0.659503698348999,0.89732825756073,0.7367587685585022,0.8210083842277527,0.7175157070159912,0.8662213683128357,0.914505124092102,0.9198716282844543,0.8234396576881409,0.9129973649978638,4.670567989349365,0.9167188405990601,0.8114719986915588,0.8476996421813965,0.9103230237960815,0.9364007115364075,0.8954381346702576
89,13769,3894.311767578125,3894.31787109375,3894.296630859375,3894.303955078125,3894.318115234375,0.5472999811172485,3.1551353931427,0.02407170832157135,0.027305759489536285,0.025317998602986336,0.02426735684275627,0.04871786758303642,0.2817024886608124,0.37360191345214844,0.30731114745140076,0.2904520630836487,0.4369654059410095,0.059729140251874924,0.06730010360479355,0.06292866170406342,0.0605933852493763,0.1077982485294342,,,,,,,,,,,,,,,,,,,,,,
90,13799,,,,,,,,,,,,,,,,,,,,,,,0.00010026393283624202,0.00010026393283624202,3.232564267818816e-06,,,,,,,,,,,,,,,,,,,
90,13849,,,,,,,,,,,,,,,,,,,,,,,0.00010026393283624202,0.00010026393283624202,3.232564267818816e-06,,,,,,,,,,,,,,,,,,,
90,13899,,,,,,,,,,,,,,,,,,,,,,,0.00010026393283624202,0.00010026393283624202,3.232564267818816e-06,,,,,,,,,,,,,,,,,,,
90,13922,,,,,,,,,,,,,,,,,,,,,,,,,,0.9488353133201599,0.8545055985450745,0.6631931662559509,0.8966749310493469,0.7420066595077515,0.8203021883964539,0.7383209466934204,0.8564236164093018,0.908708930015564,0.9210102558135986,0.8266974687576294,0.9152228236198425,4.596490859985352,0.9160853028297424,0.8150327801704407,0.848170280456543,0.9149122834205627,0.9382025003433228,0.8834324479103088
90,13922,3894.3056640625,3894.318603515625,3894.249267578125,3894.26953125,3894.318603515625,0.5267828702926636,3.164111614227295,0.02401244267821312,0.027194056659936905,0.02512330748140812,0.024321967735886574,0.04741574451327324,0.2816618084907532,0.3821093440055847,0.310934841632843,0.2907392382621765,0.4424110949039459,0.06042987108230591,0.0675274059176445,0.06315194815397263,0.061294786632061005,0.10555482655763626,,,,,,,,,,,,,,,,,,,,,,
91,13949,,,,,,,,,,,,,,,,,,,,,,,0.00010026393283624202,0.00010026393283624202,3.232564267818816e-06,,,,,,,,,,,,,,,,,,,
91,13999,,,,,,,,,,,,,,,,,,,,,,,0.00010026393283624202,0.00010026393283624202,3.232564267818816e-06,,,,,,,,,,,,,,,,,,,
91,14049,,,,,,,,,,,,,,,,,,,,,,,0.00010026393283624202,0.00010026393283624202,3.232564267818816e-06,,,,,,,,,,,,,,,,,,,
91,14075,,,,,,,,,,,,,,,,,,,,,,,,,,0.9566988348960876,0.8638917803764343,0.6776047348976135,0.8986920714378357,0.7271276712417603,0.821640133857727,0.7518536448478699,0.8679399490356445,0.9194193482398987,0.9200865030288696,0.8257637619972229,0.915247917175293,4.784801006317139,0.9177536368370056,0.820681095123291,0.8473973870277405,0.9131184816360474,0.9314520359039307,0.9093224406242371
91,14075,3894.305908203125,3894.311279296875,3894.271240234375,3894.230712890625,3894.311279296875,0.5111941695213318,3.1230361461639404,0.023945335298776627,0.02669881097972393,0.025073058903217316,0.024263793602585793,0.046680521219968796,0.2783799469470978,0.3744751513004303,0.3050965666770935,0.2863815128803253,0.4358738362789154,0.05984964594244957,0.06655048578977585,0.0627998486161232,0.06082054227590561,0.1047402024269104,,,,,,,,,,,,,,,,,,,,,,
92,14099,,,,,,,,,,,,,,,,,,,,,,,0.00010026393283624202,0.00010026393283624202,3.232564267818816e-06,,,,,,,,,,,,,,,,,,,
92,14149,,,,,,,,,,,,,,,,,,,,,,,0.00010026393283624202,0.00010026393283624202,3.232564267818816e-06,,,,,,,,,,,,,,,,,,,
92,14199,,,,,,,,,,,,,,,,,,,,,,,0.00010026393283624202,0.00010026393283624202,3.232564267818816e-06,,,,,,,,,,,,,,,,,,,
92,14228,,,,,,,,,,,,,,,,,,,,,,,,,,0.9367771744728088,0.8577651977539062,0.6792606711387634,0.8972610831260681,0.7409265041351318,0.8178765177726746,0.7074837684631348,0.8715893030166626,0.9194677472114563,0.9204722046852112,0.8266646862030029,0.9159092307090759,4.776591777801514,0.9162247180938721,0.8136175274848938,0.8467479348182678,0.8998966813087463,0.9357153177261353,0.9060858488082886
92,14228,3894.288818359375,3894.288818359375,3894.248291015625,3894.24951171875,3894.288818359375,0.5059033632278442,3.1182971000671387,0.023717042058706284,0.02658632956445217,0.024845102801918983,0.02408471703529358,0.04710990563035011,0.27258631587028503,0.3812100887298584,0.3018054962158203,0.2804625928401947,0.4443283677101135,0.059457942843437195,0.06629396975040436,0.06225694343447685,0.06044144555926323,0.10464353859424591,,,,,,,,,,,,,,,,,,,,,,
93,14249,,,,,,,,,,,,,,,,,,,,,,,0.00010026393283624202,0.00010026393283624202,3.232564267818816e-06,,,,,,,,,,,,,,,,,,,
93,14299,,,,,,,,,,,,,,,,,,,,,,,0.00010026393283624202,0.00010026393283624202,3.232564267818816e-06,,,,,,,,,,,,,,,,,,,
93,14349,,,,,,,,,,,,,,,,,,,,,,,0.00010026393283624202,0.00010026393283624202,3.232564267818816e-06,,,,,,,,,,,,,,,,,,,
93,14381,,,,,,,,,,,,,,,,,,,,,,,,,,0.9762268662452698,0.8448383808135986,0.6874526739120483,0.9070608019828796,0.7312291860580444,0.8147024512290955,0.7282449007034302,0.8654032349586487,0.9137688279151917,0.9204105734825134,0.8255714774131775,0.9069676995277405,4.801659107208252,0.9197788834571838,0.8193948268890381,0.8480319380760193,0.9057186841964722,0.9426377415657043,0.8883908987045288
93,14381,3894.313232421875,3894.313232421875,3894.28759765625,3894.22021484375,3894.313232421875,0.506009042263031,3.1461904048919678,0.02363613061606884,0.026537589728832245,0.025011267513036728,0.023982567712664604,0.04828247055411339,0.2790685296058655,0.3803567588329315,0.30772849917411804,0.2884539067745209,0.44237494468688965,0.0595850832760334,0.0663532018661499,0.062735915184021,0.06059495732188225,0.10620993375778198,,,,,,,,,,,,,,,,,,,,,,
94,14399,,,,,,,,,,,,,,,,,,,,,,,0.00010026393283624202,0.00010026393283624202,3.232564267818816e-06,,,,,,,,,,,,,,,,,,,
94,14449,,,,,,,,,,,,,,,,,,,,,,,0.00010026393283624202,0.00010026393283624202,3.232564267818816e-06,,,,,,,,,,,,,,,,,,,
94,14499,,,,,,,,,,,,,,,,,,,,,,,0.00010026393283624202,0.00010026393283624202,3.232564267818816e-06,,,,,,,,,,,,,,,,,,,
94,14534,,,,,,,,,,,,,,,,,,,,,,,,,,0.9620065093040466,0.8543354272842407,0.7076506018638611,0.897240161895752,0.7382808923721313,0.8076210021972656,0.7314938306808472,0.8493808507919312,0.9168381690979004,0.9211089015007019,0.8249256610870361,0.9107475280761719,4.644310474395752,0.9193377494812012,0.8185011744499207,0.8453320264816284,0.9078908562660217,0.9357137084007263,0.9000748991966248
94,14534,3894.301513671875,3894.301513671875,3894.281982421875,3894.240234375,3894.301513671875,0.5110308527946472,3.1558055877685547,0.0236568134278059,0.026970988139510155,0.025237824767827988,0.024183323606848717,0.04767051711678505,0.28165706992149353,0.38084596395492554,0.30831336975097656,0.2894143760204315,0.4426191747188568,0.05967137590050697,0.06717061996459961,0.06323345750570297,0.06100531294941902,0.10609906166791916,,,,,,,,,,,,,,,,,,,,,,
95,14549,,,,,,,,,,,,,,,,,,,,,,,0.00010026393283624202,0.00010026393283624202,3.232564267818816e-06,,,,,,,,,,,,,,,,,,,
95,14599,,,,,,,,,,,,,,,,,,,,,,,0.00010026393283624202,0.00010026393283624202,3.232564267818816e-06,,,,,,,,,,,,,,,,,,,
95,14649,,,,,,,,,,,,,,,,,,,,,,,0.00010026393283624202,0.00010026393283624202,3.232564267818816e-06,,,,,,,,,,,,,,,,,,,
95,14687,,,,,,,,,,,,,,,,,,,,,,,,,,0.9716867208480835,0.8506660461425781,0.6540680527687073,0.882895290851593,0.7470800876617432,0.8137834072113037,0.7337527871131897,0.8552332520484924,0.9156028032302856,0.9216536283493042,0.8239331245422363,0.9107995629310608,4.729665756225586,0.9164602756500244,0.8136457204818726,0.8418464064598083,0.908056914806366,0.9327229857444763,0.901819109916687
95,14687,3894.2900390625,3894.2900390625,3894.216796875,3894.220947265625,3894.2900390625,0.39901185035705566,3.1176605224609375,0.0230560339987278,0.026509210467338562,0.024426205083727837,0.023540038615465164,0.047764718532562256,0.27839264273643494,0.3780760169029236,0.30491721630096436,0.28574952483177185,0.44301968812942505,0.057890426367521286,0.06561595946550369,0.06106741726398468,0.05898100882768631,0.10695740580558777,,,,,,,,,,,,,,,,,,,,,,
96,14699,,,,,,,,,,,,,,,,,,,,,,,0.00010026393283624202,0.00010026393283624202,3.232564267818816e-06,,,,,,,,,,,,,,,,,,,
96,14749,,,,,,,,,,,,,,,,,,,,,,,0.00010026393283624202,0.00010026393283624202,3.232564267818816e-06,,,,,,,,,,,,,,,,,,,
96,14799,,,,,,,,,,,,,,,,,,,,,,,0.00010026393283624202,0.00010026393283624202,3.232564267818816e-06,,,,,,,,,,,,,,,,,,,
96,14840,,,,,,,,,,,,,,,,,,,,,,,,,,0.9651978611946106,0.8670299649238586,0.665485143661499,0.8884497284889221,0.7481860518455505,0.8067807555198669,0.7255094051361084,0.8433607816696167,0.9171347618103027,0.9209732413291931,0.8173532485961914,0.9076577425003052,4.796507358551025,0.9134467244148254,0.8137499690055847,0.841076135635376,0.9001091122627258,0.94553542137146,0.8941352367401123
96,14840,3894.27001953125,3894.2705078125,3894.245849609375,3894.243408203125,3894.2705078125,0.4776788353919983,3.1430306434631348,0.023551922291517258,0.026751874014735222,0.02487131580710411,0.02383308671414852,0.04703016206622124,0.2771436274051666,0.3813314437866211,0.30501243472099304,0.2862129211425781,0.44524887204170227,0.060412414371967316,0.0675734430551529,0.06370369344949722,0.06128258258104324,0.10597288608551025,,,,,,,,,,,,,,,,,,,,,,
97,14849,,,,,,,,,,,,,,,,,,,,,,,0.00010026393283624202,0.00010026393283624202,3.232564267818816e-06,,,,,,,,,,,,,,,,,,,
97,14899,,,,,,,,,,,,,,,,,,,,,,,0.00010026393283624202,0.00010026393283624202,3.232564267818816e-06,,,,,,,,,,,,,,,,,,,
97,14949,,,,,,,,,,,,,,,,,,,,,,,0.00010026393283624202,0.00010026393283624202,3.232564267818816e-06,,,,,,,,,,,,,,,,,,,
97,14993,,,,,,,,,,,,,,,,,,,,,,,,,,0.9655805826187134,0.8649122714996338,0.6254221200942993,0.8968032002449036,0.7249705791473389,0.8117573261260986,0.7183483839035034,0.8366740345954895,0.9170168042182922,0.9196470379829407,0.8143824934959412,0.9024880528450012,4.933176040649414,0.9127242565155029,0.8055585622787476,0.8297925591468811,0.9002265930175781,0.9241558909416199,0.9122728705406189
97,14993,3894.34033203125,3894.34033203125,3894.319091796875,3894.322265625,3894.34033203125,0.5472477674484253,3.1795413494110107,0.023896465077996254,0.027200961485505104,0.02512161061167717,0.024151520803570747,0.04896611347794533,0.27615630626678467,0.39863812923431396,0.30618804693222046,0.28590622544288635,0.461094468832016,0.05867970362305641,0.06615536659955978,0.061816658824682236,0.059641283005476,0.10614383965730667,,,,,,,,,,,,,,,,,,,,,,
98,14999,,,,,,,,,,,,,,,,,,,,,,,0.00010026393283624202,0.00010026393283624202,3.232564267818816e-06,,,,,,,,,,,,,,,,,,,
98,15049,,,,,,,,,,,,,,,,,,,,,,,0.00010026393283624202,0.00010026393283624202,3.232564267818816e-06,,,,,,,,,,,,,,,,,,,
98,15099,,,,,,,,,,,,,,,,,,,,,,,0.00010026393283624202,0.00010026393283624202,3.232564267818816e-06,,,,,,,,,,,,,,,,,,,
98,15146,,,,,,,,,,,,,,,,,,,,,,,,,,0.9641706943511963,0.8610876798629761,0.7035666704177856,0.8964288830757141,0.7384844422340393,0.7986303567886353,0.7401900887489319,0.8699876070022583,0.9172400832176208,0.9204108119010925,0.8168136477470398,0.902977466583252,4.856717586517334,0.9218201041221619,0.8215683102607727,0.8541812896728516,0.8995437622070312,0.9269049167633057,0.9100459218025208
98,15146,3894.296630859375,3894.296630859375,3894.26318359375,3894.288330078125,3894.296630859375,0.5890754461288452,3.194321870803833,0.023433785885572433,0.027379095554351807,0.025039948523044586,0.023853879421949387,0.050242871046066284,0.27590668201446533,0.40528395771980286,0.30676448345184326,0.2845424711704254,0.47105148434638977,0.05815523490309715,0.06589672714471817,0.061303529888391495,0.05919528752565384,0.1059616431593895,,,,,,,,,,,,,,,,,,,,,,
99,15149,,,,,,,,,,,,,,,,,,,,,,,0.00010026393283624202,0.00010026393283624202,3.232564267818816e-06,,,,,,,,,,,,,,,,,,,
99,15199,,,,,,,,,,,,,,,,,,,,,,,0.00010026393283624202,0.00010026393283624202,3.232564267818816e-06,,,,,,,,,,,,,,,,,,,
99,15249,,,,,,,,,,,,,,,,,,,,,,,0.00010026393283624202,0.00010026393283624202,3.232564267818816e-06,,,,,,,,,,,,,,,,,,,
99,15299,,,,,,,,,,,,,,,,,,,,,,,0.00010026393283624202,0.00010026393283624202,3.232564267818816e-06,,,,,,,,,,,,,,,,,,,
99,15299,,,,,,,,,,,,,,,,,,,,,,,,,,0.9610707759857178,0.8444136381149292,0.6560006737709045,0.8953750729560852,0.7430797815322876,0.8084348440170288,0.7539319396018982,0.8654298782348633,0.9091837406158447,0.9207552671432495,0.8190625905990601,0.9041685461997986,4.7576117515563965,0.9195301532745361,0.8159670829772949,0.8458396792411804,0.9046180844306946,0.9271325469017029,0.8935050964355469
99,15299,3894.3203125,3894.3203125,3894.30224609375,3894.31494140625,3894.3203125,0.49467572569847107,3.1862056255340576,0.023055465891957283,0.026925068348646164,0.024593567475676537,0.023285331204533577,0.0490545891225338,0.2742939889431,0.4108116328716278,0.3083533048629761,0.2851601541042328,0.47814613580703735,0.05733503773808479,0.06555989384651184,0.060912974178791046,0.0582188256084919,0.10540840029716492,,,,,,,,,,,,,,,,,,,,,,
